-- phpMyAdmin SQL Dump
-- version 5.2.1
-- https://www.phpmyadmin.net/
--
-- Host: 127.0.0.1
-- Generation Time: May 16, 2024 at 12:50 PM
-- Server version: 10.4.32-MariaDB
-- PHP Version: 8.2.12

SET SQL_MODE = "NO_AUTO_VALUE_ON_ZERO";
START TRANSACTION;
SET time_zone = "+00:00";


/*!40101 SET @OLD_CHARACTER_SET_CLIENT=@@CHARACTER_SET_CLIENT */;
/*!40101 SET @OLD_CHARACTER_SET_RESULTS=@@CHARACTER_SET_RESULTS */;
/*!40101 SET @OLD_COLLATION_CONNECTION=@@COLLATION_CONNECTION */;
/*!40101 SET NAMES utf8mb4 */;

--
-- Database: `revision3`
--

-- --------------------------------------------------------

--
-- Table structure for table `carrito`
--

CREATE TABLE `carrito` (
  `IdUsuario` int(10) NOT NULL,
  `IdProducto` int(10) NOT NULL,
  `Cantidad` int(10) NOT NULL,
  `FechaCarrito` date NOT NULL,
  `PrecioProducto` decimal(10,3) NOT NULL
) ENGINE=InnoDB DEFAULT CHARSET=utf8mb4 COLLATE=utf8mb4_general_ci;

--
-- Dumping data for table `carrito`
--

INSERT INTO `carrito` (`IdUsuario`, `IdProducto`, `Cantidad`, `FechaCarrito`, `PrecioProducto`) VALUES
(2, 1, 2, '2024-05-16', 500.000),
(3, 1, 1, '2024-05-16', 500.000),
(3, 2, 1, '2024-05-16', 400.000),
(5, 1, 10, '2024-05-16', 500.000),
(5, 2, 1, '2024-05-16', 400.000);

-- --------------------------------------------------------

--
-- Table structure for table `categoria`
--

CREATE TABLE `categoria` (
  `IdCategoria` int(10) NOT NULL,
  `DescripcionCategoria` varchar(50) NOT NULL
) ENGINE=InnoDB DEFAULT CHARSET=utf8mb4 COLLATE=utf8mb4_general_ci;

--
-- Dumping data for table `categoria`
--

INSERT INTO `categoria` (`IdCategoria`, `DescripcionCategoria`) VALUES
(1, 'Ceramica potente'),
(2, 'Ceramica debil'),
(3, 'Ceramica promedio');

-- --------------------------------------------------------

--
-- Table structure for table `ciudad`
--

CREATE TABLE `ciudad` (
  `IdCiudad` int(10) NOT NULL,
  `NombreCiudad` varchar(30) NOT NULL
) ENGINE=InnoDB DEFAULT CHARSET=utf8mb4 COLLATE=utf8mb4_general_ci;

-- --------------------------------------------------------

--
-- Table structure for table `direccion`
--

CREATE TABLE `direccion` (
  `IdDireccion` int(10) NOT NULL,
  `Calle` varchar(30) NOT NULL,
  `Colonia` varchar(30) NOT NULL,
  `IdCiudad` int(10) NOT NULL,
  `CodigoPostal` varchar(5) NOT NULL,
  `IdUsuario` int(10) NOT NULL
) ENGINE=InnoDB DEFAULT CHARSET=utf8mb4 COLLATE=utf8mb4_general_ci;

-- --------------------------------------------------------

--
-- Table structure for table `estadoventa`
--

CREATE TABLE `estadoventa` (
  `IdEstadoVenta` int(10) NOT NULL,
  `DescripcionEstadoVenta` varchar(50) NOT NULL
) ENGINE=InnoDB DEFAULT CHARSET=utf8mb4 COLLATE=utf8mb4_general_ci;

-- --------------------------------------------------------

--
-- Table structure for table `metodoenvio`
--

CREATE TABLE `metodoenvio` (
  `IdMetodoEnvio` int(10) NOT NULL,
  `NombreEnvio` varchar(20) NOT NULL
) ENGINE=InnoDB DEFAULT CHARSET=utf8mb4 COLLATE=utf8mb4_general_ci;

-- --------------------------------------------------------

--
-- Table structure for table `metodopago`
--

CREATE TABLE `metodopago` (
  `IdMetodoPago` int(10) NOT NULL,
  `NombrePago` varchar(20) NOT NULL
) ENGINE=InnoDB DEFAULT CHARSET=utf8mb4 COLLATE=utf8mb4_general_ci;

-- --------------------------------------------------------

--
-- Table structure for table `producto`
--

CREATE TABLE `producto` (
  `IdProducto` int(10) NOT NULL,
  `NombreProducto` varchar(30) NOT NULL,
  `DescripcionProducto` varchar(50) DEFAULT NULL,
  `PrecioProducto` decimal(10,3) NOT NULL,
  `ImagenProducto` blob NOT NULL,
  `IdCategoria` int(10) NOT NULL
) ENGINE=InnoDB DEFAULT CHARSET=utf8mb4 COLLATE=utf8mb4_general_ci;

--
-- Dumping data for table `producto`
--

INSERT INTO `producto` (`IdProducto`, `NombreProducto`, `DescripcionProducto`, `PrecioProducto`, `ImagenProducto`, `IdCategoria`) VALUES
(1, 'Ceramica', 'Preview', 500.000, 0xffd8ffe000104a46494600010100000100010000ffdb008400090607121312151312131616151717171818171817181718151a1a171717181d181d181d2820181a251d171721312125292b2e2e2e171f3338332d37282d2e2b010a0a0a0e0d0e1b10101a2d251f252d2d2d2d2d2d2d2d2d2d2d2d2d2d2d2d2d2d2d2d2d2d2d2d2d2d2b2d2d2d2d2d2d2d2d2d2d2d2d2d2d2d2d2d2d2d2d2d2d2dffc000110800b7011303012200021101031101ffc4001c0000020203010100000000000000000000050604070002030108ffc400451000010203050407050604050305000000010203000411051221314106516171071322328191a14262b1c1d114235282e1f0337292b2154353d2f124a2c216174473a3ffc400190100030101010000000000000000000000010203000405ffc40023110002020202020203010000000000000000010211213103124151136122718142ffda000c03010002110311003f00f5e6a22967183ce4b9dd480569cc84f61189d4eefd63ce3d1234caea6834f8c6a95111cd028236ac6313a527549221fb67ed1bc0562b44986ad95715da56891ea72fac3424d316714d1336e034a0853c02c051286ce4b50c2abde918e1a9e0082a0f4f2d67b44e190c801b80c80860dba15530b06a82d26e9d2b40a3f1ac27bef01065960852884189f293de872d9cb652b2137b1dd158ae74477b32d60858240238fd748314d0b2c96b6db586dcc4aa9ca51c6c542a98d0660ef1c2043b62c94a4b0094a4d520a9640bce12333e780d226dabb46da2ce2bae2e028483cbb4790c71847964b93ab65b42ead5c1520e41200386fddce29279c09158c8b16db4d289213415f284f2aa2b0d0c3eede2112e7aa4e6054fc0457ca306082d96dec9ed67dc869c2154045162f2549ddce253f6532bed4bb8e4b1dcd38423fa0d523c0456366bf4ba711bfe716f306cd580db6a085d330a5e2799c0984698702d4e6cfcdab013ee11c7f4a40b3b0e2b575f52bc7f4826fbcf874210aa8ed137b70ca870d69036d0b4dc49214a1c80c7c613b31e91d54c4bcaa7eed22bbce67e66015f529456a389311e6e74a88ac68eace9ff00301a6326a898f4ee1438eee1111b2a5615ac442a8ead2f186aa428698954002b9c7712c83024cc1ae194766e7a99c65466196529483418e9072c6da02d9085e5a18546e76b1d83f7811988642961cd89799480e2413a2877872a42dce6ca904869e42bdd51baa1cff62187a3e40fb32d5af58535389a0092072c63bdbd6432f8ed0a2b4583450e4615a0a6251d969aae294537df4d3e3066ceb210c50bae241dc9ed1fa08dad7916db615754b0a46a56a26b4d6a69e1084edb6ad0926320b2c2b4b699b65243587bc7151e515c5a368a9e595124eeafef388cebca5e2a35f947891ba3301bb62b1225e554e2824018c7143660cec8b83ed6da4d286a3c695f942acb19ba468ad977ab90f58c8b49e6454d04643d0b62d4dcf3ce60a5506e4e03eb1152cd20ccccadd34a44175a3122844223c8e8b8c65a52d4129054a38003330027b2cc296a0948a926821d1891a212c20d2a095aff0008c94ae792473111e5651b9368adc20b8463c3dd4fccc68cda37250cc2b378158e084921b0381c55f9a28956c9ca57841a9512d32954914d12ca029241a96c13415275d7ce11b68360a750496425f46852a0957885103c89864e869a2e353536bc4baf7560fb8d8aff0072d5e50cf3ec94925269ca2ad52b6453cd22933b23681ffe2ac71529091e6a5082125b22968de9b702a9fe4b44d4ff003b985d1c1353c443fcecc1d49f3859b509d3f489b9fa2aa3ec076f4c17bb2a002426e2509c1284d29448e50adb3b69ae5d772f10a42b03f0f022181f30a3b468bab4b833d60c1de0d355924ed3bce3ceadc59a951ae1e94e004066a54d7286971abe94280ade483e62bf58272b6251aeb6989070d61d4a908d644d426ee5e513e566f40af0dde7112d55a52b504d78f38125dc6328f60dd0d8fda2e2b356ec682b865035d578c094cc9d493045b55403be15c5c4c9d9a5dc72c60fd9f625e485b86ea4e4353c79413d93d945beb45e04254a153c3334f08e5d205a1d5bca69becd0d30f652301485a6c74d23bb4b906b055caf189cdd9923303eeee83bd34ac5651d65dd520852145246a3086f8d0bf231ab683661c9717d26fb7bf51ce17f38b4f6227c4f4badb7002b4f655c6a303e315c5b325d4b8a4e809038426b635d912f18e8d4c1ae11c0e91e255486429716c257ec293a29c59e7434ff00c4c187e901761d644884a850254483bc56a7d4989b6dda4dcbb7d63aaa022a91aab9466642a6dd4c511741a15d41e3bfc8457aa972208db16aae61c2e2b0fc23708821e3015a0b66a834892c34a52824024a8d1200c493800223ab0873d9992fb33026563ef9d07a9aff0096de457fccac870e719a31ecb6cf34c0ff00a93d639fe924d128fe750c49e0224ff89140a3494343dc424799ccc4171eac722a803043fc65ff00f555e71903632318b76d3b189c4085e7acc58c2e98b256a4818c0b99b45a4ee2770c7f48aca088c26c4a96d9775dc7ba9fc4acbc37c153f67914908ed394ed28e7e3f853c2226d26d804020aaeee4a7151fa7a456b6a5b2e3e71eca7448d78ab7c4b0b4532f64cda7da353eb201aa753a1e038434edc2bab924a13804b0ca4720da62b7b95c22c6dad05eb39a707b52edd69f8929b8af54aa31ab231741ea1fe14defeb1d27c567e5486c9c18f08abba0ab63fe9dc609eeac9a738b2e69e1a18bb2096459b613451d042d4f9035af8c345b2f57310a7383708e696cea8e80334215adfc52619e7904541853b5aa7b2312a2001bc9c043c36859e987ec36ef32cd4d3b03d0aa90566e6084293bb2c7023030027663a84a1093dd484f9003e4626d9a1531c13a9ddc071836aac15e04eb494a5ba4004927002a49e5be264b6c7cfb82a996729ef008f4591163487532ffc2400ad554178f331285b878f9c32e6a5842be2bdb2b198d8cb45b1554a3a47ba2ffa209827b0d6497a69b69d0a14512a49143448ae20e58d22c895da0f7c8e706a56d342ca54b4a4a864b005e00e748cf93b6c1f1b8e83b232a86eedd14a08a37a54915373ea27bae24293f3f58bc7acc2a31072221776b2c4667dbea9c371c4e2daf50796a0ea21dfb157a65011b0861b5b62279826ac29c48f6da0560f80ed0f111ad91b1b3cfaa88975a06ab7416909e6542a7c01318c35742a83d6ccabd84b68a9d2b551f80301b6a28e2dd23f11221d4b6d59b26659855f75752eb995f511434dc91908449f5764ef3ea6233792d058c809b0088ecc300ad29ae6a03d60a59db253ee50a255ca68540363ff00d08824ef4793f50a0da46b4eb5151eb1a9d806633e8699b89382537799d7ccc57fb473cb75c0a5a8aaee153fbc20fb9b2b69a5342cde1c1c6c9feec617a66cd79b052f34b4127db4915e44e07c2330a07b789a4767657cb7c6d2c9c788c0c126d1a110760a20d8d6629f7da607b6b15e09cd47fa4186fda09b0b795770427b09032094e000e1844dd829148756ed31436403c559fa085f755998ccd1352635bc238add8e41c801b26c64714bb1e403160ce6d328f75b278a95f28173568bcbcd541b9387eb1d572f1e2645c72a96c634c544d1281bd44e0042d8f490a33e6f2cd34c3eb1b1954a73af386c90d9d956ff0088a53eae04b6d8e54edab9d53ca0b89795a50cb324710a3ea544c6a0595b38c0d0c39ec64e25e61524e52f26f2d9f782aa5c47120f6870bdba08bbb3122f6090a617a14a8a935e29593e844275bf62ccc8b8951eede05b791954623f955c0fac1a6b22b7604939876cab414082124eb9149c8fca2df92b79b75b0b0a4d0e753a9c358595ae52d96baa981d54ca054389028720549f74922a83e0758003652d192268dfda1ad1c6bb4695d53de072c284718b5dab44aa9d31ea71cbd97a1fa40b799aef883216968b42d07729241f51582571e58fba65c57bc45d40e6a5d123ce20e2db2ea49216edca241ac0bb32c9ba8fb63fd914ab29399070eb08dc724efc4e4018667e45864f5b36b43cb1dd69352c835f6b22f1e0289df5851da5b6dc7d5551d72e3954fd321144a9508ddbb072595ccbc129cd4afe9033f200c37dd4b490da3009c39ef887d1fca76665f23f8684a5278aef13fda9f38d9e5e30b21a26cb7634bf1c54a8f018518969544b959a520e060720c7642a304b3b656d00eb774fecc41da563349a823107f791e3c2046c5be42c8e5067a4974a1943c9fc401fcc0e5e222d17712125521518b6661957f16f8f78d63bcc6d23cb1981c81f9c2c2ed0bc7f403e10dbb1d61a5e4aa666090c20d00c8baa1981eeefdf96f85a1ad1c6cad9f726aaeb8aead91de7158d78206a7d39e507e5152d2f84b3601d5d50bce2bc4f7470ca205b36d29c2123b284e0948c024701011d9da650b7e86abd8cee5a2a59ed12751523e158e5fe2231c0e1bc11e448a18525daaadfe51aa270b8a4a1352a510903792680799801d0f9b3ad99a748a94a1002958e39d00dc2b8e3c208ed3a1b9766a125779494dc512a041d28aae906367ec56e55171152a550ad449378814ae390c4d00803d21a0dd4aab8050fde315ebd63f6494bb4be848b5364d87eae4a10db9ab44f655cbf01f4e021516ca92a2871252b4e0411423f7be2c0b29cbea502929ba68927329d0d4620f031dedab151329ed765c03b2b03e3bc70815e86b22f47c4143bc554f0ba3eb09d6a3450e2907d9511e460fec6bab6261d967681440501a1a61549d41c3c8c6db6b6693ff5081c1c1b8e879417ab0477427931813182371083d1c4a0c647526320068b225e514b504a6953a9c80d49e006311ed39f4ff0dac1a49cf5715aa95f21a08316a27ecec2942979c370704e055e787918499977480d5013bc9d9c9b3be3989a3be21172352b8c60bcbda4a49ce1dac69a6a759530e806a2841f423c62b34bb04ac6b4d4cba970684546f1a883174c1256857da1b25c94995b249aa4d52ac8949c8e1c30f382363dbb3084ddeb542980d6bcc6ee30e7d2e59c95fd99f4fb4922bbc1a28422c9ca6391061bad0a9da1951b613694f69c501ccfc8c0cb476ad6e62a732e24ff0071312552b517522a461518951e1c2233fb0536e2af0425a49d5d586fd3157a40a0da1627ed12b24d4927326075d24d6b9c3c27a3b98a503b2e493f89741c6b72be918be8b6786285cbaf8071609fea401eb0c80ce9d1e76a5279a1de01b5f8517fedf581ae182db1f67cd59f3c9134c2db69f4964acd14d82a20a2aa4929c54909a13ed471da5b2ccbbca453b27141de9fa8ca1648307e010e2e91c492758c78e31e2130a39b25c222730e54562152245969aac88014386ca2286b05fa5067ac924b63bdd950e609bbe78f9469b332755003fe37c02e95768875edcbb67b9da57034a2073a54f888ac552252cc8ae2cd6661c79b976c55c7161091439934a9e031278031736d4389652dca35836ca4269bcd3127793af1ac06e8ba550a75f9d58fe037407de5e351c68923f3c46b6a70a94a51389249e71a6f14682cd90661f81afcc464c3f0d3d1d6c8fdad5f68984fdc24d129ff005540e35de8191de70d08844add21e52a56c17b3fb2535382fa00435fea2ea01fe419abe1c61becfe8d50d38db86616a5a1685e084a524a541591a9a61be1eed49d6d86efaf0030037ee00457b6e748e868e74dc902f28fc8451a8c71e49272967c0f8ece25bbca52854efc0721095b6f3c5e0d755550502a2906b76eaa84e1c6167ff75106a14d3841e0d9f4ac4db336aa49f5d1090d387006e0428f22303ca049b0c629132cd200153dea01810052e802b5ceba7eb075b48228731033ec8ea6aa42838354a800ae69235e623922d552ae1144dd27ac06a1596438d40ce346499a51669b51661212fb43ef9a3791ef0f6907828791a44396b5d2e20388c41145a0e7c411be0f19c4a8501843b5a5bab7d45b34bfdaa03813ed61cfe30da06cf67ec30bab92a6f0d5baf693cbe9005c4281ba5241dc4508f08c989a75b72f0aa4fe24fef28312bb4ca5801e690e8de40afce11a1d48102494718c8684da7294fe091c2f2beb190283d862da6400c314c8a97e7535a6e109732ac62c17d8fb44a94a71520df4f1a81780f21e715fce2286005111c5c70bd1ebd1ab718c6e98eecbbbe388304b676cb54ccc25a1827bce2b442077947c3d488146ba187a439bb967c805135084a8efa14803e301367a54cd8ec10108c5c7544d1b041a659ab3a275e4098f76f5f54fcd372f2e3bea4b4d03804a123bc772404951e00c182d34ca13292ffc16f356aeafda5ab89232d0000600451ba564e2af013b35d4340372a9ba0605d562e2f7e3ec8e020b49598a70d5449a664fca34b0240041717801be3b5adb54db154229d9199caa454d3798cbdc82de6a2166ecd48c283e7131b6528ce915e236f8a6b82944eb403e7052c3db16564256485a8e6aa53801a086524238b1d302284020e87585edacb050eb642fba310b18968efe29dffb20ea1c8968a11438830d562274cf9f6ddb0de973f789ece8b4e285723a1e0718148543e6dada13365ccd1b2172cee21a705e4838d424e635c32c32c603a768acc7855d90baad7ab70a47fda53f088b89d0a42e95c346cad8cb51c124a8fa0e3ba244a5a564a3b49945957bcb5280f35fca39dafd238424a184a5b1a250013e980f18092336c67b6eda6acd9756214fa8500075d00e1c62907e656e2d4eacd54b2544efac7b68da0e3eb2b75553bab5a79c47498a085c7d1aa2ed9132afc4f91e48680f5f8c2d5aae630c5d1676ecb9b6f3297af538169b3ff89f2856b6f05424f6878699a58165aa7269b9749202c92a50f6103151e74c071223e879294434da5b6d212842425291a01808a87a136819a9859cd2c8038052ea7fb045c822dc4b164795dba2a6e95adc29594d7b2d801237ad5a9f4f0114cbaf1512a51a926a4ef87de979a5a1f55ef69d52b98a1a7cfca2ba89c55db292c2491dc18dd31192624a2198a8b77a2fb594fa4b6b355b74c7520e47d29e11d7a4bb3cb175f4617f057314a7c479401e85524ceb834ea493e0b4d3e261d7a657929934a4e65551f0f9c2b8fe3614ff002a2b9b2ed7709f4831372fd614ac8c42481c8915f842c6ceafef2872261cf681d0d21a5034a903d147e50a98f40a98b3af26951e50b569495c2690cffe209501a6ff00d2204e24286597ac358b429952b79f38c830e59743da38ebc23d8061df64adfa2ae2ab54e038883b6aecfb5342f366e3871a1dff00381a9d9065442e52690b2324ac509f11f4828d36f21375c17559508a83e3a8101602dde844b5767e61827ac6954fc401527cc65e30154aa45b6f3b38da6ac3b7f0ee38914f057d601cf6d7cf378943493876929428e3c6bc20e0d6c5cb2366a69fed06cb4d0ef3cef61b48de2b8abc079416b46d06255954bca92527179e3829e232007b2d8d07ec80b636b5e77175c5ace80e4390ca16272796e9c701bbeb03f46fd8f1b107b1373da8a4b33c2f00b74f9756391304ec596bcb1112c0452c7629edbef13cc1bbf04260fecbb78d77469664906388b675dafb5c32d7509dc0abe422b6999952cd547f482bb573456f2abbc9f5a0f87ac0331b6ec154a8f42a3aa1511ef46e85ef826459bd1d6d115112ae9a9a7dd28e7862507c311c88dd161b498f9f64e614dad2e24e295050e60d47c23e866cd6846a01f3c629c6ec9722a113a67b283b23d65316d55af0cfe5eb14006c8c94447d3bd22201b3df07727fb847cd0da0d234b0cd1d11d61591513e31a5d1482089652b00924f01076cfd839c771b81093aacd3c80c600c2946d0df37b20d3068ebe14ad4244433654b5700b3e30ae4865161be872db4b338a6167b132908e1d626a51e614b4f32989db7366969c50a6470e5a42a9b24248532a2952482939d0835041d28445ab69205a32487d29a3a9147119d140768711a8e0603ca0afc58b1d0ecf86ed05364d03ad29238a9242c0fe90b8bbef47cc2a71d967d0eb782db5852798391e0723c0c7d09615b6dcd4ba1f6f250c46a950ef24f10708a41e289f2473607e92765933cc109a07522a83c468787d63e7199614dad485a4a56924281cc111f58bae6115b7497b1c9991f686681c028adca1ef5376f8cda59347382930225363083d25b113ce2a8967f315a0279f7abe91696c2f45edb052f4d94bae8a14a07f09b3bf1efab89c386b192b3375b3de88f67152ac2e69f1714e8140ac0a1b1522bb8a89ad3704eb0a9d295b7f6858a7742a891c00249f3a438edbdbf7cf52d2bb03bc47b5cb8454368ccf5af61dd4e038ef3e3f21129cedf55a45610a5d9ed93ac5672312f6b6d723ab40c7024fc07ce3d91a25378e000f28599a754fb854072e034855b19e8ec8b5d5ad6374dbae0381a478c58f5ef28f87eb0525f6502c60a5f3c08f8435a17ab23a76955aa1b27794e7eb1ec6cbd8998ae05247e61f231e46c1b25bb696ccca2aab6d0185d2f07183d591866401757f981ca38d973ae57ecd3652baff09e48a0730ad143d8729c483a6a049dab77a8594deba160a9272ba452f11c31069ce152d19d0b1bab9d0e2142988dd450a8f0dd1494927927185ac0dd8a4ddcf1af314c0fef7442b664d2b41ecd7018023588f2968198612b51a38da8a5ca602f0a0269b88536e534bf4820dbc29409cc817aa33a69530ad232b2a4b6a54b6a29b94e2602a9145459d6fd9a1da9a5463a62690893d66a926847d69a7285a1d31c7650dfb2d48d58995793894281e18dff002862d9ec0d37c27f474e843ee32b23ab99404127001d4e2dfc569fce21d6525d4daa87306860f94cd786845dab972898503ae30117168ed5ecf7da517dbfe2272f7b818ac6699521452b494a86041c088d5464ece20475488d10633ae02a60049920d29643691552941291bca8d00f331f46b2dd0246e00790a456dd186c8ad244dcc24a75690703523bea1a0a640f3d056ce488b71469590e595ba424f4bd69a59b3d409c56a03cb1f8ddf38a2133208144d49f4fac3af4c76d89a994b08356d9ce99295af857fb4428cbb4940bcbc00f33c06f3139cf382bc70c642fb3cd8412ebbdd40ae3e7126636a66a6561a97bc2f1a2529ef2f3d7d914f203130b0eceb8ef6060927040d79ef8b0761764faba4c3c7ef2a2e006977035fcc461c0561127e466d78171db126c02b530ed353749d2b5e3ce07838c5b16f598d21bbd91a623320fb38e15275148aa9da02aa6a4e1e3ac06a98c9dab370fd30867d8eb5dd65e170550aa05a4ea386e50d3c77c2ab48268043decbd9c103ad5e094a4a89390031831d825a266d16ccb33692fca90ac48501a281a2853420e62016cd3b3120e10012da8f6dbdfb949e3f184bb236ba625a69c7d85552e38a52db3dc70151388d1401c14311c46116b58db59213e12094b4f1cdb7303f9558257bf0c778115aa257e06193b65b74764e3aa4e0a1cc4617e95dc731032d0d9843830529b50eead268472a185c9cb32da66bd53c1e4e9790951f92bd4c2b4cca866b3c06967f056a3870312369b6b1b69a294ac201c0ad587309ae662b49d72db5e042d1ffd6cd3d482440773666694abef05956f59a9f53585b695594a4dd9e5b96f97894320841cd4702ae5b87ef088b66491511bb530491632114eb14070ad09f998136fdb2a47dcb402134c543bc6ba701eb0a95e10ef19675b5e77ac589768f641ed9df4d390f8f2897272a122832809b34df795e1e58fce1aa5930d2558153bc9b3684a525c5e43d620236e129550114e47e34821b5d244c8a8a34ba4f206a62ac10dc5c6a4ad89cbc8e2e917849ed4b4a42555188e11914a051de6321fe1fb17e43e86e991d00b0077aaa3e1827e66119870dd4e38fefe91376e2d7fb5cc958ee0eca790ad3c49a9e54882d8a01c07ac426ee4d96e3551482db2d3ff007934d9c8756a03894380ff00623ca1824e73ad68ba94a928ad124ee001af135af9420d82fd1d985e86881f9527fdd10a4f690b4a2935290a34ed1c3134c21d092459eca49eca4549c8f2a9afccc41b42cc41af8d491bc54934c4d62358d6db6fa8250146a31aa88a57f7e90d6d2e55b48eb1579581a26bbb524e30685b102d1b302520a2bb868798dd486fd95b60cda6e3a08986c005652425e1a1072be351e235a4c76de9747758461a938fa0882e6dab15a29a4782ca488d697933b7e0689745239da5b3f2f323ef9a0a3a2b14a872526869c206486d64ba8017940fbf43ff00727e620bb36e33a9a78545378a43a6988d3002fa2f9327f88fa46e0a41f8a0c1cb1361e465ca54866f2d34a2dc256411a807b20f1004494ed249815330d8f18116af49b66b15fbebe47b2818fad2197515f663a81085d21edca18429861414ea810483dcd0d08d78e9cf2aff006a3a627e62ad4a23ab4ab0bded1f9fc3c616e4db52d445eaae95bcac6a7f7a4272cda43f171a6ed9a294904a9c389c4ef3e103a71f2e2b86491bbf5313deb1dccf03c718976558a6f0aebe4239d4a2b274b8c9e02bb0f61f6bac58a9f411694b5280402b224c2129c40199de77786112672d0ba3019fee83cf5a56193acb124af08e3b4d377ea90771cf4030f3a8a421db328900106aa2788a8e20fc78c11b5f681a41201bebd40cabef1d31c77c2f8794b55f59cf21a01b870856db763a492a0b58b2054a181871da87932f66bc755a0a13e231f4856b0ad62da826edf24809033aee81fd295b856b44b8554273a655ae5c71f845604a7b10db5448ae10cb60ec1cdbe90eac265dafc6f12827f9514a9f1a7386397d8bb35ba758fbefab508096d15e1515f5877f622fa156cada69c6451a7d600c9268a4f92ab4f08329e926d00310c9a6a50a07d1707dab2acc02899557353ae13fdd1c672c09372b750a4577289f8984ec87eac5d99e9367ce41a1f915f35403b476c279e0429f206e484a7d40afac1d9fd9046250a50f23e9842d4fd82eb7a5e1bd3f4864d01a68e36239f7d526a48cce27c6b1b6d2a3ef6bbd23e2621caa8a163ca0bdb8ddf692e0d33e47f5a466ea499965323ecebb8293ad6bfbf2869b39ca8108724ff56bae90dd20fe351ff30bc8b36341e078b396929baaa107fe2166d5e8cd0b51532ef560e374a6f01ca845044e9498ae513cce2c0c09858c9c7419454b60367a33602405cc2cab5ba001e00d7e319051534bfc46320fcb207c5107197a6274f5e2622cebb75380a938246a49ca095a730868556712704e6547700338812ec289eb5c1434eca7f00e3ef42d0d644728c334ae34353bd47127ceb022cb90eb1454aee830427db2e2d29071270e19e3e40c479f9b03eed182538738642b0a3569219146c63aaa0fd8364cf4d80b400db47fcc72a01fe400557e18718e1d1e6cda1d525f7d37856adb67baaa7b4bae691a0e5c22e7976c24554786ea6e03772868c6c9ca5427cbec0374fbe7dd59d6edd6d3c702147d638cd7479287baebc0efbe83f144394d5a0da74af3fa670167768903b2a2915e343e8aa8876a2844e4c4affd02a69c0a0f296d8cd20042fccd4119d723ba20bd6921b9a32c6fa754dfc08dd9655cc78561f9d9d4ac5461ca15ade926dca28a405a4de0a18104711fb3e50ae8a2b005b96375a72485d090698383c3250115dda12bd5a8a142846629e54e117c4aca36fb7ee9a50d714abe548af3a46b2a89bf4ed367b437a4feb43e261e223c8a5624a0bab77f0d129fe622a4f80a79c325992976ee189cceb8c0ab159a4bd4fb4a2af0c13ff8c1e92b5d282145bbc7c86ec221caed97e25486016394b4971c3dead13ca95f88f38eb212e9046872a7a8fdf180f6a6d7ad602528029bfb5cc614ce9101eda8992080528a9ef01881b85491e34ac47aab2dd9d64b054e8091813e14fd613f6be79db8435863da24e34f748ca048da49cbb77acaf1294d7c308885f5a937564f3ad6bf48610892ccd3123ca2705031a36c9242535249a0005493c290f163d85f630879e485cca880cb181ba4e4a57119ee189e45640dd1e6cfd8af3605d40334e24dc0ac04ba0e056bdc4e833a69531da5ecd9491356c0989bf69f58a841dcda724f863bc98eab9b5b21c405de71c512f3835563d949d1232f3816a30fda9604eb6ed9de72716eaaf38a2a3c721c8691194a8d14a8e6a542143a1723c0f988ca7234ebc082919b0a4a30ebeab8ca4a954a9c40006f24e0205cc4acca6f15b2b094f79574948a9a0ed0c3d62cdd80b33aa67ac50c5c01477d0f707954fe6885b696c25a6949c295175386833239c55c128db22a6dca91554dd9a9771c95a18f2cf92a2fa87452f8374e8a3a81c627483c83ac1d665d2e0baaa1ddbc1d08e30a90cd9575b5652d870a1638a4fe21bc46b213ea6f0388f845a56bd9edbe90c4c7657fe5b980a9a69a5ede35f857b6d6cebd2c4f589ece8e0c527fda781f58a5daa626b44f93b6107daa1e381829fe3091895d3c44250663a219108e286526352ade6ab993e7190b7763207441eec7e6e45866aaa296bdf89279a958c43999ebc32291b8686bafc21aad69048d0e7bf21be172725d209bc08ad0614a13a185082149b8db8e6a7b09dfbd47ca9e660558f25d7be94699ab90fae03c60e6d3b7718653bc151e6ac6247467277d6f2a9880800eeadf27e09f282b5606599b2b26134a0a643c06efdeb13b6bb69112aca964d00c06a4a8f7401a93c70001278c9b3980947801f0fac52fd2c5aa5d9b0d03d96d20f352c0513e09b89f08ac70893cb03db7b613730482ea908fc29247f5118a8f1800ac7138fac7b1ec13584ec6b79f97502dacd3541a941e634e6318b25b9e4ce4b1799eca860a49c4a54331c6a31075f0222a2871e8d670a66baa27b2f214923de424b893cc04a87e730ad0d1617b3368552e147341352371caa39e1e51376f2652e32d4c360292e24a5437d6b878149f3801b492e125e48fc2af034afc623494e5eb2149d50f61e2507e66160f034d7e4436451a4819048f0e0639a5263644db6840bcaa54d28013e713a5640bc9bed76927511369bc944d2c108611ed2081b0dffc113e4b64a6578dca019a89ba91cc981d187b20110226d9b66baf2825b4135d69973830dd9326d8bd31317a9ec340e27f9d585223dadb748427aa936c369cbb399fe659c4c15015cc2d684f336535751453e476dcf6ab9dd46e48fdf0996521c665d332f9266a65354d7fc96c8a802b9288a1273a9a7b315e6cbc83968cfb48749526f5e73706d3da50e4704fe611635b93bd6bca57b23b29fe51f5353146baa269db0728c72518d96a8d108529412904a890001992700044ca1eb0c29c5042012a3901fbc07186097b3a5d83f7d475cfc39a13e1af8fa651cdc29944a92955e75428a50c934392778aebad01d04234f5a4f3ebead8344d6857bcd71a6fe70746d9652769d08c121081bb014f2a4496ed69798ecba869c074eca8fac04d9ed8594090a7d25e5eb7c923c01348ef3bd1fc9d14a67ac6579a4a16aec9cc7649229e5e11449fb24fafa1d4cd9ea55d55da818570039d38453d3720f4f4eaa592aa5dedbce106894ee00ef390fa18e2ced64e4bbc65df5254a49a5e23150d0d4675e3161cb2fed090f34a295903b49d69a2c644679ef812b9062ba959db5b32a9751bab514e8695aeec0651d2c5b4169375c04535d3ce1db68654a91f789a11a8add34e1a7107d6136496b4a80ae3bb43964223ddc5e4b28a921b1d9544d345b731a8ec9d41cc63ce90989b6e665565977ef00caf624a79f8531ae50cea9e4b5451a01ae8071e02206dc59e97590fa734e386350695f0ad0d79c53b765689d53a606726241dc572e1077a094ff6903d23432f670c68be57cfd217caa823b205454c277653a20d07643fd0278d57fee8c80a94e11e46b903ac4b8a5d8ab62fd0ab235c7f78c09b5acf049a6187cf5df1919045016dec95d65857b891e40448e871578cd37c1a50e7f780fc04646452284916ca4760d381f97ca3e7ae9118bb3eefbc1b579b691f28c8c8a1342e08f446464609861a3a3e952b9d411936879c57f2a595834e3550f38c8c80626edbcc0bf30a191bd4f1c07c6035920894bba2975f223fdb191913ff003fd2dfebf80a98455c57034f2825635a6ecb925a70a6b98cd279a48a578c64643131891b6f380601926b99463fdd4f4887696d14d3b54ade514e653901bb0ca32323045e98709389275c49311149dd1ec64140658dd124a756c4ecd1ef2521a470245f578125bfe9892a8c8c85e4d878fc9c5460decdb61087a68e6d8b88fe650c4f020507e63ba3c8c8543b12f6aed25001093db70d2bb86be91e58ed041401a52919190af487f2cb1ec59aa9153941a9c77eed5438e91ec6455688cb657db6fb388ab6faf12de2e50917907134a6ecfcf7c3059f3ac4bb92e966f756ff006456a68aa54678eff48c8c809f83356ac729b924bad90466229a9e496a614d1a552aa13beb88396e358c8c85e74aac3c0f26a2515315d01a8cc529965be3b6c4ba5c977a5dcc6ed40f514f8c64644f87c95e51554920dc3a1292791892815c348c8c8518ea8974d32f58c8c8c8263fffd9, 1),
(2, 'CeramicaTrial', 'Trial', 400.000, 0xffd8ffe000104a46494600010100000100010000ffdb008400090607121312151312131616151717171818171817181718151a1a171717181d181d181d2820181a251d171721312125292b2e2e2e171f3338332d37282d2e2b010a0a0a0e0d0e1b10101a2d251f252d2d2d2d2d2d2d2d2d2d2d2d2d2d2d2d2d2d2d2d2d2d2d2d2d2d2b2d2d2d2d2d2d2d2d2d2d2d2d2d2d2d2d2d2d2d2d2d2d2dffc000110800b7011303012200021101031101ffc4001c0000020203010100000000000000000000050604070002030108ffc400451000010203050407050604050305000000010203000411051221314106516171071322328191a14262b1c1d114235282e1f0337292b2154353d2f124a2c216174473a3ffc400190100030101010000000000000000000000010203000405ffc40023110002020202020203010000000000000000010211213103124151136122718142ffda000c03010002110311003f00f5e6a22967183ce4b9dd480569cc84f61189d4eefd63ce3d1234caea6834f8c6a95111cd028236ac6313a527549221fb67ed1bc0562b44986ad95715da56891ea72fac3424d316714d1336e034a0853c02c051286ce4b50c2abde918e1a9e0082a0f4f2d67b44e190c801b80c80860dba15530b06a82d26e9d2b40a3f1ac27bef01065960852884189f293de872d9cb652b2137b1dd158ae74477b32d60858240238fd748314d0b2c96b6db586dcc4aa9ca51c6c542a98d0660ef1c2043b62c94a4b0094a4d520a9640bce12333e780d226dabb46da2ce2bae2e028483cbb4790c71847964b93ab65b42ead5c1520e41200386fddce29279c09158c8b16db4d289213415f284f2aa2b0d0c3eede2112e7aa4e6054fc0457ca306082d96dec9ed67dc869c2154045162f2549ddce253f6532bed4bb8e4b1dcd38423fa0d523c0456366bf4ba711bfe716f306cd580db6a085d330a5e2799c0984698702d4e6cfcdab013ee11c7f4a40b3b0e2b575f52bc7f4826fbcf874210aa8ed137b70ca870d69036d0b4dc49214a1c80c7c613b31e91d54c4bcaa7eed22bbce67e66015f529456a389311e6e74a88ac68eace9ff00301a6326a898f4ee1438eee1111b2a5615ac442a8ead2f186aa428698954002b9c7712c83024cc1ae194766e7a99c65466196529483418e9072c6da02d9085e5a18546e76b1d83f7811988642961cd89799480e2413a2877872a42dce6ca904869e42bdd51baa1cff62187a3e40fb32d5af58535389a0092072c63bdbd6432f8ed0a2b4583450e4615a0a6251d969aae294537df4d3e3066ceb210c50bae241dc9ed1fa08dad7916db615754b0a46a56a26b4d6a69e1084edb6ad0926320b2c2b4b699b65243587bc7151e515c5a368a9e595124eeafef388cebca5e2a35f947891ba3301bb62b1225e554e2824018c7143660cec8b83ed6da4d286a3c695f942acb19ba468ad977ab90f58c8b49e6454d04643d0b62d4dcf3ce60a5506e4e03eb1152cd20ccccadd34a44175a3122844223c8e8b8c65a52d4129054a38003330027b2cc296a0948a926821d1891a212c20d2a095aff0008c94ae792473111e5651b9368adc20b8463c3dd4fccc68cda37250cc2b378158e084921b0381c55f9a28956c9ca57841a9512d32954914d12ca029241a96c13415275d7ce11b68360a750496425f46852a0957885103c89864e869a2e353536bc4baf7560fb8d8aff0072d5e50cf3ec94925269ca2ad52b6453cd22933b23681ffe2ac71529091e6a5082125b22968de9b702a9fe4b44d4ff003b985d1c1353c443fcecc1d49f3859b509d3f489b9fa2aa3ec076f4c17bb2a002426e2509c1284d29448e50adb3b69ae5d772f10a42b03f0f022181f30a3b468bab4b833d60c1de0d355924ed3bce3ceadc59a951ae1e94e004066a54d7286971abe94280ade483e62bf58272b6251aeb6989070d61d4a908d644d426ee5e513e566f40af0dde7112d55a52b504d78f38125dc6328f60dd0d8fda2e2b356ec682b865035d578c094cc9d493045b55403be15c5c4c9d9a5dc72c60fd9f625e485b86ea4e4353c79413d93d945beb45e04254a153c3334f08e5d205a1d5bca69becd0d30f652301485a6c74d23bb4b906b055caf189cdd9923303eeee83bd34ac5651d65dd520852145246a3086f8d0bf231ab683661c9717d26fb7bf51ce17f38b4f6227c4f4badb7002b4f655c6a303e315c5b325d4b8a4e809038426b635d912f18e8d4c1ae11c0e91e255486429716c257ec293a29c59e7434ff00c4c187e901761d644884a850254483bc56a7d4989b6dda4dcbb7d63aaa022a91aab9466642a6dd4c511741a15d41e3bfc8457aa972208db16aae61c2e2b0fc23708821e3015a0b66a834892c34a52824024a8d1200c493800223ab0873d9992fb33026563ef9d07a9aff0096de457fccac870e719a31ecb6cf34c0ff00a93d639fe924d128fe750c49e0224ff89140a3494343dc424799ccc4171eac722a803043fc65ff00f555e71903632318b76d3b189c4085e7acc58c2e98b256a4818c0b99b45a4ee2770c7f48aca088c26c4a96d9775dc7ba9fc4acbc37c153f67914908ed394ed28e7e3f853c2226d26d804020aaeee4a7151fa7a456b6a5b2e3e71eca7448d78ab7c4b0b4532f64cda7da353eb201aa753a1e038434edc2bab924a13804b0ca4720da62b7b95c22c6dad05eb39a707b52edd69f8929b8af54aa31ab231741ea1fe14defeb1d27c567e5486c9c18f08abba0ab63fe9dc609eeac9a738b2e69e1a18bb2096459b613451d042d4f9035af8c345b2f57310a7383708e696cea8e80334215adfc52619e7904541853b5aa7b2312a2001bc9c043c36859e987ec36ef32cd4d3b03d0aa90566e6084293bb2c7023030027663a84a1093dd484f9003e4626d9a1531c13a9ddc071836aac15e04eb494a5ba4004927002a49e5be264b6c7cfb82a996729ef008f4591163487532ffc2400ad554178f331285b878f9c32e6a5842be2bdb2b198d8cb45b1554a3a47ba2ffa209827b0d6497a69b69d0a14512a49143448ae20e58d22c895da0f7c8e706a56d342ca54b4a4a864b005e00e748cf93b6c1f1b8e83b232a86eedd14a08a37a54915373ea27bae24293f3f58bc7acc2a31072221776b2c4667dbea9c371c4e2daf50796a0ea21dfb157a65011b0861b5b62279826ac29c48f6da0560f80ed0f111ad91b1b3cfaa88975a06ab7416909e6542a7c01318c35742a83d6ccabd84b68a9d2b551f80301b6a28e2dd23f11221d4b6d59b26659855f75752eb995f511434dc91908449f5764ef3ea6233792d058c809b0088ecc300ad29ae6a03d60a59db253ee50a255ca68540363ff00d08824ef4793f50a0da46b4eb5151eb1a9d806633e8699b89382537799d7ccc57fb473cb75c0a5a8aaee153fbc20fb9b2b69a5342cde1c1c6c9feec617a66cd79b052f34b4127db4915e44e07c2330a07b789a4767657cb7c6d2c9c788c0c126d1a110760a20d8d6629f7da607b6b15e09cd47fa4186fda09b0b795770427b09032094e000e1844dd829148756ed31436403c559fa085f755998ccd1352635bc238add8e41c801b26c64714bb1e403160ce6d328f75b278a95f28173568bcbcd541b9387eb1d572f1e2645c72a96c634c544d1281bd44e0042d8f490a33e6f2cd34c3eb1b1954a73af386c90d9d956ff0088a53eae04b6d8e54edab9d53ca0b89795a50cb324710a3ea544c6a0595b38c0d0c39ec64e25e61524e52f26f2d9f782aa5c47120f6870bdba08bbb3122f6090a617a14a8a935e29593e844275bf62ccc8b8951eede05b791954623f955c0fac1a6b22b7604939876cab414082124eb9149c8fca2df92b79b75b0b0a4d0e753a9c358595ae52d96baa981d54ca054389028720549f74922a83e0758003652d192268dfda1ad1c6bb4695d53de072c284718b5dab44aa9d31ea71cbd97a1fa40b799aef883216968b42d07729241f51582571e58fba65c57bc45d40e6a5d123ce20e2db2ea49216edca241ac0bb32c9ba8fb63fd914ab29399070eb08dc724efc4e4018667e45864f5b36b43cb1dd69352c835f6b22f1e0289df5851da5b6dc7d5551d72e3954fd321144a9508ddbb072595ccbc129cd4afe9033f200c37dd4b490da3009c39ef887d1fca76665f23f8684a5278aef13fda9f38d9e5e30b21a26cb7634bf1c54a8f018518969544b959a520e060720c7642a304b3b656d00eb774fecc41da563349a823107f791e3c2046c5be42c8e5067a4974a1943c9fc401fcc0e5e222d17712125521518b6661957f16f8f78d63bcc6d23cb1981c81f9c2c2ed0bc7f403e10dbb1d61a5e4aa666090c20d00c8baa1981eeefdf96f85a1ad1c6cad9f726aaeb8aead91de7158d78206a7d39e507e5152d2f84b3601d5d50bce2bc4f7470ca205b36d29c2123b284e0948c024701011d9da650b7e86abd8cee5a2a59ed12751523e158e5fe2231c0e1bc11e448a18525daaadfe51aa270b8a4a1352a510903792680799801d0f9b3ad99a748a94a1002958e39d00dc2b8e3c208ed3a1b9766a125779494dc512a041d28aae906367ec56e55171152a550ad449378814ae390c4d00803d21a0dd4aab8050fde315ebd63f6494bb4be848b5364d87eae4a10db9ab44f655cbf01f4e021516ca92a2871252b4e0411423f7be2c0b29cbea502929ba68927329d0d4620f031dedab151329ed765c03b2b03e3bc70815e86b22f47c4143bc554f0ba3eb09d6a3450e2907d9511e460fec6bab6261d967681440501a1a61549d41c3c8c6db6b6693ff5081c1c1b8e879417ab0477427931813182371083d1c4a0c647526320068b225e514b504a6953a9c80d49e006311ed39f4ff0dac1a49cf5715aa95f21a08316a27ecec2942979c370704e055e787918499977480d5013bc9d9c9b3be3989a3be21172352b8c60bcbda4a49ce1dac69a6a759530e806a2841f423c62b34bb04ac6b4d4cba970684546f1a883174c1256857da1b25c94995b249aa4d52ac8949c8e1c30f382363dbb3084ddeb542980d6bcc6ee30e7d2e59c95fd99f4fb4922bbc1a28422c9ca6391061bad0a9da1951b613694f69c501ccfc8c0cb476ad6e62a732e24ff0071312552b517522a461518951e1c2233fb0536e2af0425a49d5d586fd3157a40a0da1627ed12b24d4927326075d24d6b9c3c27a3b98a503b2e493f89741c6b72be918be8b6786285cbaf8071609fea401eb0c80ce9d1e76a5279a1de01b5f8517fedf581ae182db1f67cd59f3c9134c2db69f4964acd14d82a20a2aa4929c54909a13ed471da5b2ccbbca453b27141de9fa8ca1648307e010e2e91c492758c78e31e2130a39b25c222730e54562152245969aac88014386ca2286b05fa5067ac924b63bdd950e609bbe78f9469b332755003fe37c02e95768875edcbb67b9da57034a2073a54f888ac552252cc8ae2cd6661c79b976c55c7161091439934a9e031278031736d4389652dca35836ca4269bcd3127793af1ac06e8ba550a75f9d58fe037407de5e351c68923f3c46b6a70a94a51389249e71a6f14682cd90661f81afcc464c3f0d3d1d6c8fdad5f68984fdc24d129ff005540e35de8191de70d08844add21e52a56c17b3fb2535382fa00435fea2ea01fe419abe1c61becfe8d50d38db86616a5a1685e084a524a541591a9a61be1eed49d6d86efaf0030037ee00457b6e748e868e74dc902f28fc8451a8c71e49272967c0f8ece25bbca52854efc0721095b6f3c5e0d755550502a2906b76eaa84e1c6167ff75106a14d3841e0d9f4ac4db336aa49f5d1090d387006e0428f22303ca049b0c629132cd200153dea01810052e802b5ceba7eb075b48228731033ec8ea6aa42838354a800ae69235e623922d552ae1144dd27ac06a1596438d40ce346499a51669b51661212fb43ef9a3791ef0f6907828791a44396b5d2e20388c41145a0e7c411be0f19c4a8501843b5a5bab7d45b34bfdaa03813ed61cfe30da06cf67ec30bab92a6f0d5baf693cbe9005c4281ba5241dc4508f08c989a75b72f0aa4fe24fef28312bb4ca5801e690e8de40afce11a1d48102494718c8684da7294fe091c2f2beb190283d862da6400c314c8a97e7535a6e109732ac62c17d8fb44a94a71520df4f1a81780f21e715fce2286005111c5c70bd1ebd1ab718c6e98eecbbbe388304b676cb54ccc25a1827bce2b442077947c3d488146ba187a439bb967c805135084a8efa14803e301367a54cd8ec10108c5c7544d1b041a659ab3a275e4098f76f5f54fcd372f2e3bea4b4d03804a123bc772404951e00c182d34ca13292ffc16f356aeafda5ab89232d0000600451ba564e2af013b35d4340372a9ba0605d562e2f7e3ec8e020b49598a70d5449a664fca34b0240041717801be3b5adb54db154229d9199caa454d3798cbdc82de6a2166ecd48c283e7131b6528ce915e236f8a6b82944eb403e7052c3db16564256485a8e6aa53801a086524238b1d302284020e87585edacb050eb642fba310b18968efe29dffb20ea1c8968a11438830d562274cf9f6ddb0de973f789ece8b4e285723a1e0718148543e6dada13365ccd1b2172cee21a705e4838d424e635c32c32c603a768acc7855d90baad7ab70a47fda53f088b89d0a42e95c346cad8cb51c124a8fa0e3ba244a5a564a3b49945957bcb5280f35fca39dafd238424a184a5b1a250013e980f18092336c67b6eda6acd9756214fa8500075d00e1c62907e656e2d4eacd54b2544efac7b68da0e3eb2b75553bab5a79c47498a085c7d1aa2ed9132afc4f91e48680f5f8c2d5aae630c5d1676ecb9b6f3297af538169b3ff89f2856b6f05424f6878699a58165aa7269b9749202c92a50f6103151e74c071223e879294434da5b6d212842425291a01808a87a136819a9859cd2c8038052ea7fb045c822dc4b164795dba2a6e95adc29594d7b2d801237ad5a9f4f0114cbaf1512a51a926a4ef87de979a5a1f55ef69d52b98a1a7cfca2ba89c55db292c2491dc18dd31192624a2198a8b77a2fb594fa4b6b355b74c7520e47d29e11d7a4bb3cb175f4617f057314a7c479401e85524ceb834ea493e0b4d3e261d7a657929934a4e65551f0f9c2b8fe3614ff002a2b9b2ed7709f4831372fd614ac8c42481c8915f842c6ceafef2872261cf681d0d21a5034a903d147e50a98f40a98b3af26951e50b569495c2690cffe209501a6ff00d2204e24286597ac358b429952b79f38c830e59743da38ebc23d8061df64adfa2ae2ab54e038883b6aecfb5342f366e3871a1dff00381a9d9065442e52690b2324ac509f11f4828d36f21375c17559508a83e3a8101602dde844b5767e61827ac6954fc401527cc65e30154aa45b6f3b38da6ac3b7f0ee38914f057d601cf6d7cf378943493876929428e3c6bc20e0d6c5cb2366a69fed06cb4d0ef3cef61b48de2b8abc079416b46d06255954bca92527179e3829e232007b2d8d07ec80b636b5e77175c5ace80e4390ca16272796e9c701bbeb03f46fd8f1b107b1373da8a4b33c2f00b74f9756391304ec596bcb1112c0452c7629edbef13cc1bbf04260fecbb78d77469664906388b675dafb5c32d7509dc0abe422b6999952cd547f482bb573456f2abbc9f5a0f87ac0331b6ec154a8f42a3aa1511ef46e85ef826459bd1d6d115112ae9a9a7dd28e7862507c311c88dd161b498f9f64e614dad2e24e295050e60d47c23e866cd6846a01f3c629c6ec9722a113a67b283b23d65316d55af0cfe5eb14006c8c94447d3bd22201b3df07727fb847cd0da0d234b0cd1d11d61591513e31a5d1482089652b00924f01076cfd839c771b81093aacd3c80c600c2946d0df37b20d3068ebe14ad4244433654b5700b3e30ae4865161be872db4b338a6167b132908e1d626a51e614b4f32989db7366969c50a6470e5a42a9b24248532a2952482939d0835041d28445ab69205a32487d29a3a9147119d140768711a8e0603ca0afc58b1d0ecf86ed05364d03ad29238a9242c0fe90b8bbef47cc2a71d967d0eb782db5852798391e0723c0c7d09615b6dcd4ba1f6f250c46a950ef24f10708a41e289f2473607e92765933cc109a07522a83c468787d63e7199614dad485a4a56924281cc111f58bae6115b7497b1c9991f686681c028adca1ef5376f8cda59347382930225363083d25b113ce2a8967f315a0279f7abe91696c2f45edb052f4d94bae8a14a07f09b3bf1efab89c386b192b3375b3de88f67152ac2e69f1714e8140ac0a1b1522bb8a89ad3704eb0a9d295b7f6858a7742a891c00249f3a438edbdbf7cf52d2bb03bc47b5cb8454368ccf5af61dd4e038ef3e3f21129cedf55a45610a5d9ed93ac5672312f6b6d723ab40c7024fc07ce3d91a25378e000f28599a754fb854072e034855b19e8ec8b5d5ad6374dbae0381a478c58f5ef28f87eb0525f6502c60a5f3c08f8435a17ab23a76955aa1b27794e7eb1ec6cbd8998ae05247e61f231e46c1b25bb696ccca2aab6d0185d2f07183d591866401757f981ca38d973ae57ecd3652baff09e48a0730ad143d8729c483a6a049dab77a8594deba160a9272ba452f11c31069ce152d19d0b1bab9d0e2142988dd450a8f0dd1494927927185ac0dd8a4ddcf1af314c0fef7442b664d2b41ecd7018023588f2968198612b51a38da8a5ca602f0a0269b88536e534bf4820dbc29409cc817aa33a69530ad232b2a4b6a54b6a29b94e2602a9145459d6fd9a1da9a5463a62690893d66a926847d69a7285a1d31c7650dfb2d48d58995793894281e18dff002862d9ec0d37c27f474e843ee32b23ab99404127001d4e2dfc569fce21d6525d4daa87306860f94cd786845dab972898503ae30117168ed5ecf7da517dbfe2272f7b818ac6699521452b494a86041c088d5464ece20475488d10633ae02a60049920d29643691552941291bca8d00f331f46b2dd0246e00790a456dd186c8ad244dcc24a75690703523bea1a0a640f3d056ce488b71469590e595ba424f4bd69a59b3d409c56a03cb1f8ddf38a2133208144d49f4fac3af4c76d89a994b08356d9ce99295af857fb4428cbb4940bcbc00f33c06f3139cf382bc70c642fb3cd8412ebbdd40ae3e7126636a66a6561a97bc2f1a2529ef2f3d7d914f203130b0eceb8ef6060927040d79ef8b0761764faba4c3c7ef2a2e006977035fcc461c0561127e466d78171db126c02b530ed353749d2b5e3ce07838c5b16f598d21bbd91a623320fb38e15275148aa9da02aa6a4e1e3ac06a98c9dab370fd30867d8eb5dd65e170550aa05a4ea386e50d3c77c2ab48268043decbd9c103ad5e094a4a89390031831d825a266d16ccb33692fca90ac48501a281a2853420e62016cd3b3120e10012da8f6dbdfb949e3f184bb236ba625a69c7d85552e38a52db3dc70151388d1401c14311c46116b58db59213e12094b4f1cdb7303f9558257bf0c778115aa257e06193b65b74764e3aa4e0a1cc4617e95dc731032d0d9843830529b50eead268472a185c9cb32da66bd53c1e4e9790951f92bd4c2b4cca866b3c06967f056a3870312369b6b1b69a294ac201c0ad587309ae662b49d72db5e042d1ffd6cd3d482440773666694abef05956f59a9f53585b695594a4dd9e5b96f97894320841cd4702ae5b87ef088b66491511bb530491632114eb14070ad09f998136fdb2a47dcb402134c543bc6ba701eb0a95e10ef19675b5e77ac589768f641ed9df4d390f8f2897272a122832809b34df795e1e58fce1aa5930d2558153bc9b3684a525c5e43d620236e129550114e47e34821b5d244c8a8a34ba4f206a62ac10dc5c6a4ad89cbc8e2e917849ed4b4a42555188e11914a051de6321fe1fb17e43e86e991d00b0077aaa3e1827e66119870dd4e38fefe91376e2d7fb5cc958ee0eca790ad3c49a9e54882d8a01c07ac426ee4d96e3551482db2d3ff007934d9c8756a03894380ff00623ca1824e73ad68ba94a928ad124ee001af135af9420d82fd1d985e86881f9527fdd10a4f690b4a2935290a34ed1c3134c21d092459eca49eca4549c8f2a9afccc41b42cc41af8d491bc54934c4d62358d6db6fa8250146a31aa88a57f7e90d6d2e55b48eb1579581a26bbb524e30685b102d1b302520a2bb868798dd486fd95b60cda6e3a08986c005652425e1a1072be351e235a4c76de9747758461a938fa0882e6dab15a29a4782ca488d697933b7e0689745239da5b3f2f323ef9a0a3a2b14a872526869c206486d64ba8017940fbf43ff00727e620bb36e33a9a78545378a43a6988d3002fa2f9327f88fa46e0a41f8a0c1cb1361e465ca54866f2d34a2dc256411a807b20f1004494ed249815330d8f18116af49b66b15fbebe47b2818fad2197515f663a81085d21edca18429861414ea810483dcd0d08d78e9cf2aff006a3a627e62ad4a23ab4ab0bded1f9fc3c616e4db52d445eaae95bcac6a7f7a4272cda43f171a6ed9a294904a9c389c4ef3e103a71f2e2b86491bbf5313deb1dccf03c718976558a6f0aebe4239d4a2b274b8c9e02bb0f61f6bac58a9f411694b5280402b224c2129c40199de77786112672d0ba3019fee83cf5a56193acb124af08e3b4d377ea90771cf4030f3a8a421db328900106aa2788a8e20fc78c11b5f681a41201bebd40cabef1d31c77c2f8794b55f59cf21a01b870856db763a492a0b58b2054a181871da87932f66bc755a0a13e231f4856b0ad62da826edf24809033aee81fd295b856b44b8554273a655ae5c71f845604a7b10db5448ae10cb60ec1cdbe90eac265dafc6f12827f9514a9f1a7386397d8bb35ba758fbefab508096d15e1515f5877f622fa156cada69c6451a7d600c9268a4f92ab4f08329e926d00310c9a6a50a07d1707dab2acc02899557353ae13fdd1c672c09372b750a4577289f8984ec87eac5d99e9367ce41a1f915f35403b476c279e0429f206e484a7d40afac1d9fd9046250a50f23e9842d4fd82eb7a5e1bd3f4864d01a68e36239f7d526a48cce27c6b1b6d2a3ef6bbd23e2621caa8a163ca0bdb8ddf692e0d33e47f5a466ea499965323ecebb8293ad6bfbf2869b39ca8108724ff56bae90dd20fe351ff30bc8b36341e078b396929baaa107fe2166d5e8cd0b51532ef560e374a6f01ca845044e9498ae513cce2c0c09858c9c7419454b60367a33602405cc2cab5ba001e00d7e319051534bfc46320fcb207c5107197a6274f5e2622cebb75380a938246a49ca095a730868556712704e6547700338812ec289eb5c1434eca7f00e3ef42d0d644728c334ae34353bd47127ceb022cb90eb1454aee830427db2e2d29071270e19e3e40c479f9b03eed182538738642b0a3569219146c63aaa0fd8364cf4d80b400db47fcc72a01fe400557e18718e1d1e6cda1d525f7d37856adb67baaa7b4bae691a0e5c22e7976c24554786ea6e03772868c6c9ca5427cbec0374fbe7dd59d6edd6d3c702147d638cd7479287baebc0efbe83f144394d5a0da74af3fa670167768903b2a2915e343e8aa8876a2844e4c4affd02a69c0a0f296d8cd20042fccd4119d723ba20bd6921b9a32c6fa754dfc08dd9655cc78561f9d9d4ac5461ca15ade926dca28a405a4de0a18104711fb3e50ae8a2b005b96375a72485d090698383c3250115dda12bd5a8a142846629e54e117c4aca36fb7ee9a50d714abe548af3a46b2a89bf4ed367b437a4feb43e261e223c8a5624a0bab77f0d129fe622a4f80a79c325992976ee189cceb8c0ab159a4bd4fb4a2af0c13ff8c1e92b5d282145bbc7c86ec221caed97e25486016394b4971c3dead13ca95f88f38eb212e9046872a7a8fdf180f6a6d7ad602528029bfb5cc614ce9101eda8992080528a9ef01881b85491e34ac47aab2dd9d64b054e8091813e14fd613f6be79db8435863da24e34f748ca048da49cbb77acaf1294d7c308885f5a937564f3ad6bf48610892ccd3123ca2705031a36c9242535249a0005493c290f163d85f630879e485cca880cb181ba4e4a57119ee189e45640dd1e6cfd8af3605d40334e24dc0ac04ba0e056bdc4e833a69531da5ecd9491356c0989bf69f58a841dcda724f863bc98eab9b5b21c405de71c512f3835563d949d1232f3816a30fda9604eb6ed9de72716eaaf38a2a3c721c8691194a8d14a8e6a542143a1723c0f988ca7234ebc082919b0a4a30ebeab8ca4a954a9c40006f24e0205cc4acca6f15b2b094f79574948a9a0ed0c3d62cdd80b33aa67ac50c5c01477d0f707954fe6885b696c25a6949c295175386833239c55c128db22a6dca91554dd9a9771c95a18f2cf92a2fa87452f8374e8a3a81c627483c83ac1d665d2e0baaa1ddbc1d08e30a90cd9575b5652d870a1638a4fe21bc46b213ea6f0388f845a56bd9edbe90c4c7657fe5b980a9a69a5ede35f857b6d6cebd2c4f589ece8e0c527fda781f58a5daa626b44f93b6107daa1e381829fe3091895d3c44250663a219108e286526352ade6ab993e7190b7763207441eec7e6e45866aaa296bdf89279a958c43999ebc32291b8686bafc21aad69048d0e7bf21be172725d209bc08ad0614a13a185082149b8db8e6a7b09dfbd47ca9e660558f25d7be94699ab90fae03c60e6d3b7718653bc151e6ac6247467277d6f2a9880800eeadf27e09f282b5606599b2b26134a0a643c06efdeb13b6bb69112aca964d00c06a4a8f7401a93c70001278c9b3980947801f0fac52fd2c5aa5d9b0d03d96d20f352c0513e09b89f08ac70893cb03db7b613730482ea908fc29247f5118a8f1800ac7138fac7b1ec13584ec6b79f97502dacd3541a941e634e6318b25b9e4ce4b1799eca860a49c4a54331c6a31075f0222a2871e8d670a66baa27b2f214923de424b893cc04a87e730ad0d1617b3368552e147341352371caa39e1e51376f2652e32d4c360292e24a5437d6b878149f3801b492e125e48fc2af034afc623494e5eb2149d50f61e2507e66160f034d7e4436451a4819048f0e0639a5263644db6840bcaa54d28013e713a5640bc9bed76927511369bc944d2c108611ed2081b0dffc113e4b64a6578dca019a89ba91cc981d187b20110226d9b66baf2825b4135d69973830dd9326d8bd31317a9ec340e27f9d585223dadb748427aa936c369cbb399fe659c4c15015cc2d684f336535751453e476dcf6ab9dd46e48fdf0996521c665d332f9266a65354d7fc96c8a802b9288a1273a9a7b315e6cbc83968cfb48749526f5e73706d3da50e4704fe611635b93bd6bca57b23b29fe51f5353146baa269db0728c72518d96a8d108529412904a890001992700044ca1eb0c29c5042012a3901fbc07186097b3a5d83f7d475cfc39a13e1af8fa651cdc29944a92955e75428a50c934392778aebad01d04234f5a4f3ebead8344d6857bcd71a6fe70746d9652769d08c121081bb014f2a4496ed69798ecba869c074eca8fac04d9ed8594090a7d25e5eb7c923c01348ef3bd1fc9d14a67ac6579a4a16aec9cc7649229e5e11449fb24fafa1d4cd9ea55d55da818570039d38453d3720f4f4eaa592aa5dedbce106894ee00ef390fa18e2ced64e4bbc65df5254a49a5e23150d0d4675e3161cb2fed090f34a295903b49d69a2c644679ef812b9062ba959db5b32a9751bab514e8695aeec0651d2c5b4169375c04535d3ce1db68654a91f789a11a8add34e1a7107d6136496b4a80ae3bb43964223ddc5e4b28a921b1d9544d345b731a8ec9d41cc63ce90989b6e665565977ef00caf624a79f8531ae50cea9e4b5451a01ae8071e02206dc59e97590fa734e386350695f0ad0d79c53b765689d53a606726241dc572e1077a094ff6903d23432f670c68be57cfd217caa823b205454c277653a20d07643fd0278d57fee8c80a94e11e46b903ac4b8a5d8ab62fd0ab235c7f78c09b5acf049a6187cf5df1919045016dec95d65857b891e40448e871578cd37c1a50e7f780fc04646452284916ca4760d381f97ca3e7ae9118bb3eefbc1b579b691f28c8c8a1342e08f446464609861a3a3e952b9d411936879c57f2a595834e3550f38c8c80626edbcc0bf30a191bd4f1c07c6035920894bba2975f223fdb191913ff003fd2dfebf80a98455c57034f2825635a6ecb925a70a6b98cd279a48a578c64643131891b6f380601926b99463fdd4f4887696d14d3b54ade514e653901bb0ca32323045e98709389275c49311149dd1ec64140658dd124a756c4ecd1ef2521a470245f578125bfe9892a8c8c85e4d878fc9c5460decdb61087a68e6d8b88fe650c4f020507e63ba3c8c8543b12f6aed25001093db70d2bb86be91e58ed041401a52919190af487f2cb1ec59aa9153941a9c77eed5438e91ec6455688cb657db6fb388ab6faf12de2e50917907134a6ecfcf7c3059f3ac4bb92e966f756ff006456a68aa54678eff48c8c809f83356ac729b924bad90466229a9e496a614d1a552aa13beb88396e358c8c85e74aac3c0f26a2515315d01a8cc529965be3b6c4ba5c977a5dcc6ed40f514f8c64644f87c95e51554920dc3a1292791892815c348c8c8518ea8974d32f58c8c8c8263fffd9, 1);
INSERT INTO `producto` (`IdProducto`, `NombreProducto`, `DescripcionProducto`, `PrecioProducto`, `ImagenProducto`, `IdCategoria`) VALUES
(3, 'ProductoTres', '3er Producto', 999.000, 0xffd8ffe000104a46494600010100000100010000ffdb008400090607121312151312131616151717171818171817181718151a1a171717181d181d181d2820181a251d171721312125292b2e2e2e171f3338332d37282d2e2b010a0a0a0e0d0e1b10101a2d251f252d2d2d2d2d2d2d2d2d2d2d2d2d2d2d2d2d2d2d2d2d2d2d2d2d2d2b2d2d2d2d2d2d2d2d2d2d2d2d2d2d2d2d2d2d2d2d2d2d2dffc000110800b7011303012200021101031101ffc4001c0000020203010100000000000000000000050604070002030108ffc400451000010203050407050604050305000000010203000411051221314106516171071322328191a14262b1c1d114235282e1f0337292b2154353d2f124a2c216174473a3ffc400190100030101010000000000000000000000010203000405ffc40023110002020202020203010000000000000000010211213103124151136122718142ffda000c03010002110311003f00f5e6a22967183ce4b9dd480569cc84f61189d4eefd63ce3d1234caea6834f8c6a95111cd028236ac6313a527549221fb67ed1bc0562b44986ad95715da56891ea72fac3424d316714d1336e034a0853c02c051286ce4b50c2abde918e1a9e0082a0f4f2d67b44e190c801b80c80860dba15530b06a82d26e9d2b40a3f1ac27bef01065960852884189f293de872d9cb652b2137b1dd158ae74477b32d60858240238fd748314d0b2c96b6db586dcc4aa9ca51c6c542a98d0660ef1c2043b62c94a4b0094a4d520a9640bce12333e780d226dabb46da2ce2bae2e028483cbb4790c71847964b93ab65b42ead5c1520e41200386fddce29279c09158c8b16db4d289213415f284f2aa2b0d0c3eede2112e7aa4e6054fc0457ca306082d96dec9ed67dc869c2154045162f2549ddce253f6532bed4bb8e4b1dcd38423fa0d523c0456366bf4ba711bfe716f306cd580db6a085d330a5e2799c0984698702d4e6cfcdab013ee11c7f4a40b3b0e2b575f52bc7f4826fbcf874210aa8ed137b70ca870d69036d0b4dc49214a1c80c7c613b31e91d54c4bcaa7eed22bbce67e66015f529456a389311e6e74a88ac68eace9ff00301a6326a898f4ee1438eee1111b2a5615ac442a8ead2f186aa428698954002b9c7712c83024cc1ae194766e7a99c65466196529483418e9072c6da02d9085e5a18546e76b1d83f7811988642961cd89799480e2413a2877872a42dce6ca904869e42bdd51baa1cff62187a3e40fb32d5af58535389a0092072c63bdbd6432f8ed0a2b4583450e4615a0a6251d969aae294537df4d3e3066ceb210c50bae241dc9ed1fa08dad7916db615754b0a46a56a26b4d6a69e1084edb6ad0926320b2c2b4b699b65243587bc7151e515c5a368a9e595124eeafef388cebca5e2a35f947891ba3301bb62b1225e554e2824018c7143660cec8b83ed6da4d286a3c695f942acb19ba468ad977ab90f58c8b49e6454d04643d0b62d4dcf3ce60a5506e4e03eb1152cd20ccccadd34a44175a3122844223c8e8b8c65a52d4129054a38003330027b2cc296a0948a926821d1891a212c20d2a095aff0008c94ae792473111e5651b9368adc20b8463c3dd4fccc68cda37250cc2b378158e084921b0381c55f9a28956c9ca57841a9512d32954914d12ca029241a96c13415275d7ce11b68360a750496425f46852a0957885103c89864e869a2e353536bc4baf7560fb8d8aff0072d5e50cf3ec94925269ca2ad52b6453cd22933b23681ffe2ac71529091e6a5082125b22968de9b702a9fe4b44d4ff003b985d1c1353c443fcecc1d49f3859b509d3f489b9fa2aa3ec076f4c17bb2a002426e2509c1284d29448e50adb3b69ae5d772f10a42b03f0f022181f30a3b468bab4b833d60c1de0d355924ed3bce3ceadc59a951ae1e94e004066a54d7286971abe94280ade483e62bf58272b6251aeb6989070d61d4a908d644d426ee5e513e566f40af0dde7112d55a52b504d78f38125dc6328f60dd0d8fda2e2b356ec682b865035d578c094cc9d493045b55403be15c5c4c9d9a5dc72c60fd9f625e485b86ea4e4353c79413d93d945beb45e04254a153c3334f08e5d205a1d5bca69becd0d30f652301485a6c74d23bb4b906b055caf189cdd9923303eeee83bd34ac5651d65dd520852145246a3086f8d0bf231ab683661c9717d26fb7bf51ce17f38b4f6227c4f4badb7002b4f655c6a303e315c5b325d4b8a4e809038426b635d912f18e8d4c1ae11c0e91e255486429716c257ec293a29c59e7434ff00c4c187e901761d644884a850254483bc56a7d4989b6dda4dcbb7d63aaa022a91aab9466642a6dd4c511741a15d41e3bfc8457aa972208db16aae61c2e2b0fc23708821e3015a0b66a834892c34a52824024a8d1200c493800223ab0873d9992fb33026563ef9d07a9aff0096de457fccac870e719a31ecb6cf34c0ff00a93d639fe924d128fe750c49e0224ff89140a3494343dc424799ccc4171eac722a803043fc65ff00f555e71903632318b76d3b189c4085e7acc58c2e98b256a4818c0b99b45a4ee2770c7f48aca088c26c4a96d9775dc7ba9fc4acbc37c153f67914908ed394ed28e7e3f853c2226d26d804020aaeee4a7151fa7a456b6a5b2e3e71eca7448d78ab7c4b0b4532f64cda7da353eb201aa753a1e038434edc2bab924a13804b0ca4720da62b7b95c22c6dad05eb39a707b52edd69f8929b8af54aa31ab231741ea1fe14defeb1d27c567e5486c9c18f08abba0ab63fe9dc609eeac9a738b2e69e1a18bb2096459b613451d042d4f9035af8c345b2f57310a7383708e696cea8e80334215adfc52619e7904541853b5aa7b2312a2001bc9c043c36859e987ec36ef32cd4d3b03d0aa90566e6084293bb2c7023030027663a84a1093dd484f9003e4626d9a1531c13a9ddc071836aac15e04eb494a5ba4004927002a49e5be264b6c7cfb82a996729ef008f4591163487532ffc2400ad554178f331285b878f9c32e6a5842be2bdb2b198d8cb45b1554a3a47ba2ffa209827b0d6497a69b69d0a14512a49143448ae20e58d22c895da0f7c8e706a56d342ca54b4a4a864b005e00e748cf93b6c1f1b8e83b232a86eedd14a08a37a54915373ea27bae24293f3f58bc7acc2a31072221776b2c4667dbea9c371c4e2daf50796a0ea21dfb157a65011b0861b5b62279826ac29c48f6da0560f80ed0f111ad91b1b3cfaa88975a06ab7416909e6542a7c01318c35742a83d6ccabd84b68a9d2b551f80301b6a28e2dd23f11221d4b6d59b26659855f75752eb995f511434dc91908449f5764ef3ea6233792d058c809b0088ecc300ad29ae6a03d60a59db253ee50a255ca68540363ff00d08824ef4793f50a0da46b4eb5151eb1a9d806633e8699b89382537799d7ccc57fb473cb75c0a5a8aaee153fbc20fb9b2b69a5342cde1c1c6c9feec617a66cd79b052f34b4127db4915e44e07c2330a07b789a4767657cb7c6d2c9c788c0c126d1a110760a20d8d6629f7da607b6b15e09cd47fa4186fda09b0b795770427b09032094e000e1844dd829148756ed31436403c559fa085f755998ccd1352635bc238add8e41c801b26c64714bb1e403160ce6d328f75b278a95f28173568bcbcd541b9387eb1d572f1e2645c72a96c634c544d1281bd44e0042d8f490a33e6f2cd34c3eb1b1954a73af386c90d9d956ff0088a53eae04b6d8e54edab9d53ca0b89795a50cb324710a3ea544c6a0595b38c0d0c39ec64e25e61524e52f26f2d9f782aa5c47120f6870bdba08bbb3122f6090a617a14a8a935e29593e844275bf62ccc8b8951eede05b791954623f955c0fac1a6b22b7604939876cab414082124eb9149c8fca2df92b79b75b0b0a4d0e753a9c358595ae52d96baa981d54ca054389028720549f74922a83e0758003652d192268dfda1ad1c6bb4695d53de072c284718b5dab44aa9d31ea71cbd97a1fa40b799aef883216968b42d07729241f51582571e58fba65c57bc45d40e6a5d123ce20e2db2ea49216edca241ac0bb32c9ba8fb63fd914ab29399070eb08dc724efc4e4018667e45864f5b36b43cb1dd69352c835f6b22f1e0289df5851da5b6dc7d5551d72e3954fd321144a9508ddbb072595ccbc129cd4afe9033f200c37dd4b490da3009c39ef887d1fca76665f23f8684a5278aef13fda9f38d9e5e30b21a26cb7634bf1c54a8f018518969544b959a520e060720c7642a304b3b656d00eb774fecc41da563349a823107f791e3c2046c5be42c8e5067a4974a1943c9fc401fcc0e5e222d17712125521518b6661957f16f8f78d63bcc6d23cb1981c81f9c2c2ed0bc7f403e10dbb1d61a5e4aa666090c20d00c8baa1981eeefdf96f85a1ad1c6cad9f726aaeb8aead91de7158d78206a7d39e507e5152d2f84b3601d5d50bce2bc4f7470ca205b36d29c2123b284e0948c024701011d9da650b7e86abd8cee5a2a59ed12751523e158e5fe2231c0e1bc11e448a18525daaadfe51aa270b8a4a1352a510903792680799801d0f9b3ad99a748a94a1002958e39d00dc2b8e3c208ed3a1b9766a125779494dc512a041d28aae906367ec56e55171152a550ad449378814ae390c4d00803d21a0dd4aab8050fde315ebd63f6494bb4be848b5364d87eae4a10db9ab44f655cbf01f4e021516ca92a2871252b4e0411423f7be2c0b29cbea502929ba68927329d0d4620f031dedab151329ed765c03b2b03e3bc70815e86b22f47c4143bc554f0ba3eb09d6a3450e2907d9511e460fec6bab6261d967681440501a1a61549d41c3c8c6db6b6693ff5081c1c1b8e879417ab0477427931813182371083d1c4a0c647526320068b225e514b504a6953a9c80d49e006311ed39f4ff0dac1a49cf5715aa95f21a08316a27ecec2942979c370704e055e787918499977480d5013bc9d9c9b3be3989a3be21172352b8c60bcbda4a49ce1dac69a6a759530e806a2841f423c62b34bb04ac6b4d4cba970684546f1a883174c1256857da1b25c94995b249aa4d52ac8949c8e1c30f382363dbb3084ddeb542980d6bcc6ee30e7d2e59c95fd99f4fb4922bbc1a28422c9ca6391061bad0a9da1951b613694f69c501ccfc8c0cb476ad6e62a732e24ff0071312552b517522a461518951e1c2233fb0536e2af0425a49d5d586fd3157a40a0da1627ed12b24d4927326075d24d6b9c3c27a3b98a503b2e493f89741c6b72be918be8b6786285cbaf8071609fea401eb0c80ce9d1e76a5279a1de01b5f8517fedf581ae182db1f67cd59f3c9134c2db69f4964acd14d82a20a2aa4929c54909a13ed471da5b2ccbbca453b27141de9fa8ca1648307e010e2e91c492758c78e31e2130a39b25c222730e54562152245969aac88014386ca2286b05fa5067ac924b63bdd950e609bbe78f9469b332755003fe37c02e95768875edcbb67b9da57034a2073a54f888ac552252cc8ae2cd6661c79b976c55c7161091439934a9e031278031736d4389652dca35836ca4269bcd3127793af1ac06e8ba550a75f9d58fe037407de5e351c68923f3c46b6a70a94a51389249e71a6f14682cd90661f81afcc464c3f0d3d1d6c8fdad5f68984fdc24d129ff005540e35de8191de70d08844add21e52a56c17b3fb2535382fa00435fea2ea01fe419abe1c61becfe8d50d38db86616a5a1685e084a524a541591a9a61be1eed49d6d86efaf0030037ee00457b6e748e868e74dc902f28fc8451a8c71e49272967c0f8ece25bbca52854efc0721095b6f3c5e0d755550502a2906b76eaa84e1c6167ff75106a14d3841e0d9f4ac4db336aa49f5d1090d387006e0428f22303ca049b0c629132cd200153dea01810052e802b5ceba7eb075b48228731033ec8ea6aa42838354a800ae69235e623922d552ae1144dd27ac06a1596438d40ce346499a51669b51661212fb43ef9a3791ef0f6907828791a44396b5d2e20388c41145a0e7c411be0f19c4a8501843b5a5bab7d45b34bfdaa03813ed61cfe30da06cf67ec30bab92a6f0d5baf693cbe9005c4281ba5241dc4508f08c989a75b72f0aa4fe24fef28312bb4ca5801e690e8de40afce11a1d48102494718c8684da7294fe091c2f2beb190283d862da6400c314c8a97e7535a6e109732ac62c17d8fb44a94a71520df4f1a81780f21e715fce2286005111c5c70bd1ebd1ab718c6e98eecbbbe388304b676cb54ccc25a1827bce2b442077947c3d488146ba187a439bb967c805135084a8efa14803e301367a54cd8ec10108c5c7544d1b041a659ab3a275e4098f76f5f54fcd372f2e3bea4b4d03804a123bc772404951e00c182d34ca13292ffc16f356aeafda5ab89232d0000600451ba564e2af013b35d4340372a9ba0605d562e2f7e3ec8e020b49598a70d5449a664fca34b0240041717801be3b5adb54db154229d9199caa454d3798cbdc82de6a2166ecd48c283e7131b6528ce915e236f8a6b82944eb403e7052c3db16564256485a8e6aa53801a086524238b1d302284020e87585edacb050eb642fba310b18968efe29dffb20ea1c8968a11438830d562274cf9f6ddb0de973f789ece8b4e285723a1e0718148543e6dada13365ccd1b2172cee21a705e4838d424e635c32c32c603a768acc7855d90baad7ab70a47fda53f088b89d0a42e95c346cad8cb51c124a8fa0e3ba244a5a564a3b49945957bcb5280f35fca39dafd238424a184a5b1a250013e980f18092336c67b6eda6acd9756214fa8500075d00e1c62907e656e2d4eacd54b2544efac7b68da0e3eb2b75553bab5a79c47498a085c7d1aa2ed9132afc4f91e48680f5f8c2d5aae630c5d1676ecb9b6f3297af538169b3ff89f2856b6f05424f6878699a58165aa7269b9749202c92a50f6103151e74c071223e879294434da5b6d212842425291a01808a87a136819a9859cd2c8038052ea7fb045c822dc4b164795dba2a6e95adc29594d7b2d801237ad5a9f4f0114cbaf1512a51a926a4ef87de979a5a1f55ef69d52b98a1a7cfca2ba89c55db292c2491dc18dd31192624a2198a8b77a2fb594fa4b6b355b74c7520e47d29e11d7a4bb3cb175f4617f057314a7c479401e85524ceb834ea493e0b4d3e261d7a657929934a4e65551f0f9c2b8fe3614ff002a2b9b2ed7709f4831372fd614ac8c42481c8915f842c6ceafef2872261cf681d0d21a5034a903d147e50a98f40a98b3af26951e50b569495c2690cffe209501a6ff00d2204e24286597ac358b429952b79f38c830e59743da38ebc23d8061df64adfa2ae2ab54e038883b6aecfb5342f366e3871a1dff00381a9d9065442e52690b2324ac509f11f4828d36f21375c17559508a83e3a8101602dde844b5767e61827ac6954fc401527cc65e30154aa45b6f3b38da6ac3b7f0ee38914f057d601cf6d7cf378943493876929428e3c6bc20e0d6c5cb2366a69fed06cb4d0ef3cef61b48de2b8abc079416b46d06255954bca92527179e3829e232007b2d8d07ec80b636b5e77175c5ace80e4390ca16272796e9c701bbeb03f46fd8f1b107b1373da8a4b33c2f00b74f9756391304ec596bcb1112c0452c7629edbef13cc1bbf04260fecbb78d77469664906388b675dafb5c32d7509dc0abe422b6999952cd547f482bb573456f2abbc9f5a0f87ac0331b6ec154a8f42a3aa1511ef46e85ef826459bd1d6d115112ae9a9a7dd28e7862507c311c88dd161b498f9f64e614dad2e24e295050e60d47c23e866cd6846a01f3c629c6ec9722a113a67b283b23d65316d55af0cfe5eb14006c8c94447d3bd22201b3df07727fb847cd0da0d234b0cd1d11d61591513e31a5d1482089652b00924f01076cfd839c771b81093aacd3c80c600c2946d0df37b20d3068ebe14ad4244433654b5700b3e30ae4865161be872db4b338a6167b132908e1d626a51e614b4f32989db7366969c50a6470e5a42a9b24248532a2952482939d0835041d28445ab69205a32487d29a3a9147119d140768711a8e0603ca0afc58b1d0ecf86ed05364d03ad29238a9242c0fe90b8bbef47cc2a71d967d0eb782db5852798391e0723c0c7d09615b6dcd4ba1f6f250c46a950ef24f10708a41e289f2473607e92765933cc109a07522a83c468787d63e7199614dad485a4a56924281cc111f58bae6115b7497b1c9991f686681c028adca1ef5376f8cda59347382930225363083d25b113ce2a8967f315a0279f7abe91696c2f45edb052f4d94bae8a14a07f09b3bf1efab89c386b192b3375b3de88f67152ac2e69f1714e8140ac0a1b1522bb8a89ad3704eb0a9d295b7f6858a7742a891c00249f3a438edbdbf7cf52d2bb03bc47b5cb8454368ccf5af61dd4e038ef3e3f21129cedf55a45610a5d9ed93ac5672312f6b6d723ab40c7024fc07ce3d91a25378e000f28599a754fb854072e034855b19e8ec8b5d5ad6374dbae0381a478c58f5ef28f87eb0525f6502c60a5f3c08f8435a17ab23a76955aa1b27794e7eb1ec6cbd8998ae05247e61f231e46c1b25bb696ccca2aab6d0185d2f07183d591866401757f981ca38d973ae57ecd3652baff09e48a0730ad143d8729c483a6a049dab77a8594deba160a9272ba452f11c31069ce152d19d0b1bab9d0e2142988dd450a8f0dd1494927927185ac0dd8a4ddcf1af314c0fef7442b664d2b41ecd7018023588f2968198612b51a38da8a5ca602f0a0269b88536e534bf4820dbc29409cc817aa33a69530ad232b2a4b6a54b6a29b94e2602a9145459d6fd9a1da9a5463a62690893d66a926847d69a7285a1d31c7650dfb2d48d58995793894281e18dff002862d9ec0d37c27f474e843ee32b23ab99404127001d4e2dfc569fce21d6525d4daa87306860f94cd786845dab972898503ae30117168ed5ecf7da517dbfe2272f7b818ac6699521452b494a86041c088d5464ece20475488d10633ae02a60049920d29643691552941291bca8d00f331f46b2dd0246e00790a456dd186c8ad244dcc24a75690703523bea1a0a640f3d056ce488b71469590e595ba424f4bd69a59b3d409c56a03cb1f8ddf38a2133208144d49f4fac3af4c76d89a994b08356d9ce99295af857fb4428cbb4940bcbc00f33c06f3139cf382bc70c642fb3cd8412ebbdd40ae3e7126636a66a6561a97bc2f1a2529ef2f3d7d914f203130b0eceb8ef6060927040d79ef8b0761764faba4c3c7ef2a2e006977035fcc461c0561127e466d78171db126c02b530ed353749d2b5e3ce07838c5b16f598d21bbd91a623320fb38e15275148aa9da02aa6a4e1e3ac06a98c9dab370fd30867d8eb5dd65e170550aa05a4ea386e50d3c77c2ab48268043decbd9c103ad5e094a4a89390031831d825a266d16ccb33692fca90ac48501a281a2853420e62016cd3b3120e10012da8f6dbdfb949e3f184bb236ba625a69c7d85552e38a52db3dc70151388d1401c14311c46116b58db59213e12094b4f1cdb7303f9558257bf0c778115aa257e06193b65b74764e3aa4e0a1cc4617e95dc731032d0d9843830529b50eead268472a185c9cb32da66bd53c1e4e9790951f92bd4c2b4cca866b3c06967f056a3870312369b6b1b69a294ac201c0ad587309ae662b49d72db5e042d1ffd6cd3d482440773666694abef05956f59a9f53585b695594a4dd9e5b96f97894320841cd4702ae5b87ef088b66491511bb530491632114eb14070ad09f998136fdb2a47dcb402134c543bc6ba701eb0a95e10ef19675b5e77ac589768f641ed9df4d390f8f2897272a122832809b34df795e1e58fce1aa5930d2558153bc9b3684a525c5e43d620236e129550114e47e34821b5d244c8a8a34ba4f206a62ac10dc5c6a4ad89cbc8e2e917849ed4b4a42555188e11914a051de6321fe1fb17e43e86e991d00b0077aaa3e1827e66119870dd4e38fefe91376e2d7fb5cc958ee0eca790ad3c49a9e54882d8a01c07ac426ee4d96e3551482db2d3ff007934d9c8756a03894380ff00623ca1824e73ad68ba94a928ad124ee001af135af9420d82fd1d985e86881f9527fdd10a4f690b4a2935290a34ed1c3134c21d092459eca49eca4549c8f2a9afccc41b42cc41af8d491bc54934c4d62358d6db6fa8250146a31aa88a57f7e90d6d2e55b48eb1579581a26bbb524e30685b102d1b302520a2bb868798dd486fd95b60cda6e3a08986c005652425e1a1072be351e235a4c76de9747758461a938fa0882e6dab15a29a4782ca488d697933b7e0689745239da5b3f2f323ef9a0a3a2b14a872526869c206486d64ba8017940fbf43ff00727e620bb36e33a9a78545378a43a6988d3002fa2f9327f88fa46e0a41f8a0c1cb1361e465ca54866f2d34a2dc256411a807b20f1004494ed249815330d8f18116af49b66b15fbebe47b2818fad2197515f663a81085d21edca18429861414ea810483dcd0d08d78e9cf2aff006a3a627e62ad4a23ab4ab0bded1f9fc3c616e4db52d445eaae95bcac6a7f7a4272cda43f171a6ed9a294904a9c389c4ef3e103a71f2e2b86491bbf5313deb1dccf03c718976558a6f0aebe4239d4a2b274b8c9e02bb0f61f6bac58a9f411694b5280402b224c2129c40199de77786112672d0ba3019fee83cf5a56193acb124af08e3b4d377ea90771cf4030f3a8a421db328900106aa2788a8e20fc78c11b5f681a41201bebd40cabef1d31c77c2f8794b55f59cf21a01b870856db763a492a0b58b2054a181871da87932f66bc755a0a13e231f4856b0ad62da826edf24809033aee81fd295b856b44b8554273a655ae5c71f845604a7b10db5448ae10cb60ec1cdbe90eac265dafc6f12827f9514a9f1a7386397d8bb35ba758fbefab508096d15e1515f5877f622fa156cada69c6451a7d600c9268a4f92ab4f08329e926d00310c9a6a50a07d1707dab2acc02899557353ae13fdd1c672c09372b750a4577289f8984ec87eac5d99e9367ce41a1f915f35403b476c279e0429f206e484a7d40afac1d9fd9046250a50f23e9842d4fd82eb7a5e1bd3f4864d01a68e36239f7d526a48cce27c6b1b6d2a3ef6bbd23e2621caa8a163ca0bdb8ddf692e0d33e47f5a466ea499965323ecebb8293ad6bfbf2869b39ca8108724ff56bae90dd20fe351ff30bc8b36341e078b396929baaa107fe2166d5e8cd0b51532ef560e374a6f01ca845044e9498ae513cce2c0c09858c9c7419454b60367a33602405cc2cab5ba001e00d7e319051534bfc46320fcb207c5107197a6274f5e2622cebb75380a938246a49ca095a730868556712704e6547700338812ec289eb5c1434eca7f00e3ef42d0d644728c334ae34353bd47127ceb022cb90eb1454aee830427db2e2d29071270e19e3e40c479f9b03eed182538738642b0a3569219146c63aaa0fd8364cf4d80b400db47fcc72a01fe400557e18718e1d1e6cda1d525f7d37856adb67baaa7b4bae691a0e5c22e7976c24554786ea6e03772868c6c9ca5427cbec0374fbe7dd59d6edd6d3c702147d638cd7479287baebc0efbe83f144394d5a0da74af3fa670167768903b2a2915e343e8aa8876a2844e4c4affd02a69c0a0f296d8cd20042fccd4119d723ba20bd6921b9a32c6fa754dfc08dd9655cc78561f9d9d4ac5461ca15ade926dca28a405a4de0a18104711fb3e50ae8a2b005b96375a72485d090698383c3250115dda12bd5a8a142846629e54e117c4aca36fb7ee9a50d714abe548af3a46b2a89bf4ed367b437a4feb43e261e223c8a5624a0bab77f0d129fe622a4f80a79c325992976ee189cceb8c0ab159a4bd4fb4a2af0c13ff8c1e92b5d282145bbc7c86ec221caed97e25486016394b4971c3dead13ca95f88f38eb212e9046872a7a8fdf180f6a6d7ad602528029bfb5cc614ce9101eda8992080528a9ef01881b85491e34ac47aab2dd9d64b054e8091813e14fd613f6be79db8435863da24e34f748ca048da49cbb77acaf1294d7c308885f5a937564f3ad6bf48610892ccd3123ca2705031a36c9242535249a0005493c290f163d85f630879e485cca880cb181ba4e4a57119ee189e45640dd1e6cfd8af3605d40334e24dc0ac04ba0e056bdc4e833a69531da5ecd9491356c0989bf69f58a841dcda724f863bc98eab9b5b21c405de71c512f3835563d949d1232f3816a30fda9604eb6ed9de72716eaaf38a2a3c721c8691194a8d14a8e6a542143a1723c0f988ca7234ebc082919b0a4a30ebeab8ca4a954a9c40006f24e0205cc4acca6f15b2b094f79574948a9a0ed0c3d62cdd80b33aa67ac50c5c01477d0f707954fe6885b696c25a6949c295175386833239c55c128db22a6dca91554dd9a9771c95a18f2cf92a2fa87452f8374e8a3a81c627483c83ac1d665d2e0baaa1ddbc1d08e30a90cd9575b5652d870a1638a4fe21bc46b213ea6f0388f845a56bd9edbe90c4c7657fe5b980a9a69a5ede35f857b6d6cebd2c4f589ece8e0c527fda781f58a5daa626b44f93b6107daa1e381829fe3091895d3c44250663a219108e286526352ade6ab993e7190b7763207441eec7e6e45866aaa296bdf89279a958c43999ebc32291b8686bafc21aad69048d0e7bf21be172725d209bc08ad0614a13a185082149b8db8e6a7b09dfbd47ca9e660558f25d7be94699ab90fae03c60e6d3b7718653bc151e6ac6247467277d6f2a9880800eeadf27e09f282b5606599b2b26134a0a643c06efdeb13b6bb69112aca964d00c06a4a8f7401a93c70001278c9b3980947801f0fac52fd2c5aa5d9b0d03d96d20f352c0513e09b89f08ac70893cb03db7b613730482ea908fc29247f5118a8f1800ac7138fac7b1ec13584ec6b79f97502dacd3541a941e634e6318b25b9e4ce4b1799eca860a49c4a54331c6a31075f0222a2871e8d670a66baa27b2f214923de424b893cc04a87e730ad0d1617b3368552e147341352371caa39e1e51376f2652e32d4c360292e24a5437d6b878149f3801b492e125e48fc2af034afc623494e5eb2149d50f61e2507e66160f034d7e4436451a4819048f0e0639a5263644db6840bcaa54d28013e713a5640bc9bed76927511369bc944d2c108611ed2081b0dffc113e4b64a6578dca019a89ba91cc981d187b20110226d9b66baf2825b4135d69973830dd9326d8bd31317a9ec340e27f9d585223dadb748427aa936c369cbb399fe659c4c15015cc2d684f336535751453e476dcf6ab9dd46e48fdf0996521c665d332f9266a65354d7fc96c8a802b9288a1273a9a7b315e6cbc83968cfb48749526f5e73706d3da50e4704fe611635b93bd6bca57b23b29fe51f5353146baa269db0728c72518d96a8d108529412904a890001992700044ca1eb0c29c5042012a3901fbc07186097b3a5d83f7d475cfc39a13e1af8fa651cdc29944a92955e75428a50c934392778aebad01d04234f5a4f3ebead8344d6857bcd71a6fe70746d9652769d08c121081bb014f2a4496ed69798ecba869c074eca8fac04d9ed8594090a7d25e5eb7c923c01348ef3bd1fc9d14a67ac6579a4a16aec9cc7649229e5e11449fb24fafa1d4cd9ea55d55da818570039d38453d3720f4f4eaa592aa5dedbce106894ee00ef390fa18e2ced64e4bbc65df5254a49a5e23150d0d4675e3161cb2fed090f34a295903b49d69a2c644679ef812b9062ba959db5b32a9751bab514e8695aeec0651d2c5b4169375c04535d3ce1db68654a91f789a11a8add34e1a7107d6136496b4a80ae3bb43964223ddc5e4b28a921b1d9544d345b731a8ec9d41cc63ce90989b6e665565977ef00caf624a79f8531ae50cea9e4b5451a01ae8071e02206dc59e97590fa734e386350695f0ad0d79c53b765689d53a606726241dc572e1077a094ff6903d23432f670c68be57cfd217caa823b205454c277653a20d07643fd0278d57fee8c80a94e11e46b903ac4b8a5d8ab62fd0ab235c7f78c09b5acf049a6187cf5df1919045016dec95d65857b891e40448e871578cd37c1a50e7f780fc04646452284916ca4760d381f97ca3e7ae9118bb3eefbc1b579b691f28c8c8a1342e08f446464609861a3a3e952b9d411936879c57f2a595834e3550f38c8c80626edbcc0bf30a191bd4f1c07c6035920894bba2975f223fdb191913ff003fd2dfebf80a98455c57034f2825635a6ecb925a70a6b98cd279a48a578c64643131891b6f380601926b99463fdd4f4887696d14d3b54ade514e653901bb0ca32323045e98709389275c49311149dd1ec64140658dd124a756c4ecd1ef2521a470245f578125bfe9892a8c8c85e4d878fc9c5460decdb61087a68e6d8b88fe650c4f020507e63ba3c8c8543b12f6aed25001093db70d2bb86be91e58ed041401a52919190af487f2cb1ec59aa9153941a9c77eed5438e91ec6455688cb657db6fb388ab6faf12de2e50917907134a6ecfcf7c3059f3ac4bb92e966f756ff006456a68aa54678eff48c8c809f83356ac729b924bad90466229a9e496a614d1a552aa13beb88396e358c8c85e74aac3c0f26a2515315d01a8cc529965be3b6c4ba5c977a5dcc6ed40f514f8c64644f87c95e51554920dc3a1292791892815c348c8c8518ea8974d32f58c8c8c8263fffd9, 1),
(4, 'ProductoCuatro', '4to producto', 666.000, 0xffd8ffe000104a46494600010100000100010000ffdb008400090607121312151312131616151717171818171817181718151a1a171717181d181d181d2820181a251d171721312125292b2e2e2e171f3338332d37282d2e2b010a0a0a0e0d0e1b10101a2d251f252d2d2d2d2d2d2d2d2d2d2d2d2d2d2d2d2d2d2d2d2d2d2d2d2d2d2b2d2d2d2d2d2d2d2d2d2d2d2d2d2d2d2d2d2d2d2d2d2d2dffc000110800b7011303012200021101031101ffc4001c0000020203010100000000000000000000050604070002030108ffc400451000010203050407050604050305000000010203000411051221314106516171071322328191a14262b1c1d114235282e1f0337292b2154353d2f124a2c216174473a3ffc400190100030101010000000000000000000000010203000405ffc40023110002020202020203010000000000000000010211213103124151136122718142ffda000c03010002110311003f00f5e6a22967183ce4b9dd480569cc84f61189d4eefd63ce3d1234caea6834f8c6a95111cd028236ac6313a527549221fb67ed1bc0562b44986ad95715da56891ea72fac3424d316714d1336e034a0853c02c051286ce4b50c2abde918e1a9e0082a0f4f2d67b44e190c801b80c80860dba15530b06a82d26e9d2b40a3f1ac27bef01065960852884189f293de872d9cb652b2137b1dd158ae74477b32d60858240238fd748314d0b2c96b6db586dcc4aa9ca51c6c542a98d0660ef1c2043b62c94a4b0094a4d520a9640bce12333e780d226dabb46da2ce2bae2e028483cbb4790c71847964b93ab65b42ead5c1520e41200386fddce29279c09158c8b16db4d289213415f284f2aa2b0d0c3eede2112e7aa4e6054fc0457ca306082d96dec9ed67dc869c2154045162f2549ddce253f6532bed4bb8e4b1dcd38423fa0d523c0456366bf4ba711bfe716f306cd580db6a085d330a5e2799c0984698702d4e6cfcdab013ee11c7f4a40b3b0e2b575f52bc7f4826fbcf874210aa8ed137b70ca870d69036d0b4dc49214a1c80c7c613b31e91d54c4bcaa7eed22bbce67e66015f529456a389311e6e74a88ac68eace9ff00301a6326a898f4ee1438eee1111b2a5615ac442a8ead2f186aa428698954002b9c7712c83024cc1ae194766e7a99c65466196529483418e9072c6da02d9085e5a18546e76b1d83f7811988642961cd89799480e2413a2877872a42dce6ca904869e42bdd51baa1cff62187a3e40fb32d5af58535389a0092072c63bdbd6432f8ed0a2b4583450e4615a0a6251d969aae294537df4d3e3066ceb210c50bae241dc9ed1fa08dad7916db615754b0a46a56a26b4d6a69e1084edb6ad0926320b2c2b4b699b65243587bc7151e515c5a368a9e595124eeafef388cebca5e2a35f947891ba3301bb62b1225e554e2824018c7143660cec8b83ed6da4d286a3c695f942acb19ba468ad977ab90f58c8b49e6454d04643d0b62d4dcf3ce60a5506e4e03eb1152cd20ccccadd34a44175a3122844223c8e8b8c65a52d4129054a38003330027b2cc296a0948a926821d1891a212c20d2a095aff0008c94ae792473111e5651b9368adc20b8463c3dd4fccc68cda37250cc2b378158e084921b0381c55f9a28956c9ca57841a9512d32954914d12ca029241a96c13415275d7ce11b68360a750496425f46852a0957885103c89864e869a2e353536bc4baf7560fb8d8aff0072d5e50cf3ec94925269ca2ad52b6453cd22933b23681ffe2ac71529091e6a5082125b22968de9b702a9fe4b44d4ff003b985d1c1353c443fcecc1d49f3859b509d3f489b9fa2aa3ec076f4c17bb2a002426e2509c1284d29448e50adb3b69ae5d772f10a42b03f0f022181f30a3b468bab4b833d60c1de0d355924ed3bce3ceadc59a951ae1e94e004066a54d7286971abe94280ade483e62bf58272b6251aeb6989070d61d4a908d644d426ee5e513e566f40af0dde7112d55a52b504d78f38125dc6328f60dd0d8fda2e2b356ec682b865035d578c094cc9d493045b55403be15c5c4c9d9a5dc72c60fd9f625e485b86ea4e4353c79413d93d945beb45e04254a153c3334f08e5d205a1d5bca69becd0d30f652301485a6c74d23bb4b906b055caf189cdd9923303eeee83bd34ac5651d65dd520852145246a3086f8d0bf231ab683661c9717d26fb7bf51ce17f38b4f6227c4f4badb7002b4f655c6a303e315c5b325d4b8a4e809038426b635d912f18e8d4c1ae11c0e91e255486429716c257ec293a29c59e7434ff00c4c187e901761d644884a850254483bc56a7d4989b6dda4dcbb7d63aaa022a91aab9466642a6dd4c511741a15d41e3bfc8457aa972208db16aae61c2e2b0fc23708821e3015a0b66a834892c34a52824024a8d1200c493800223ab0873d9992fb33026563ef9d07a9aff0096de457fccac870e719a31ecb6cf34c0ff00a93d639fe924d128fe750c49e0224ff89140a3494343dc424799ccc4171eac722a803043fc65ff00f555e71903632318b76d3b189c4085e7acc58c2e98b256a4818c0b99b45a4ee2770c7f48aca088c26c4a96d9775dc7ba9fc4acbc37c153f67914908ed394ed28e7e3f853c2226d26d804020aaeee4a7151fa7a456b6a5b2e3e71eca7448d78ab7c4b0b4532f64cda7da353eb201aa753a1e038434edc2bab924a13804b0ca4720da62b7b95c22c6dad05eb39a707b52edd69f8929b8af54aa31ab231741ea1fe14defeb1d27c567e5486c9c18f08abba0ab63fe9dc609eeac9a738b2e69e1a18bb2096459b613451d042d4f9035af8c345b2f57310a7383708e696cea8e80334215adfc52619e7904541853b5aa7b2312a2001bc9c043c36859e987ec36ef32cd4d3b03d0aa90566e6084293bb2c7023030027663a84a1093dd484f9003e4626d9a1531c13a9ddc071836aac15e04eb494a5ba4004927002a49e5be264b6c7cfb82a996729ef008f4591163487532ffc2400ad554178f331285b878f9c32e6a5842be2bdb2b198d8cb45b1554a3a47ba2ffa209827b0d6497a69b69d0a14512a49143448ae20e58d22c895da0f7c8e706a56d342ca54b4a4a864b005e00e748cf93b6c1f1b8e83b232a86eedd14a08a37a54915373ea27bae24293f3f58bc7acc2a31072221776b2c4667dbea9c371c4e2daf50796a0ea21dfb157a65011b0861b5b62279826ac29c48f6da0560f80ed0f111ad91b1b3cfaa88975a06ab7416909e6542a7c01318c35742a83d6ccabd84b68a9d2b551f80301b6a28e2dd23f11221d4b6d59b26659855f75752eb995f511434dc91908449f5764ef3ea6233792d058c809b0088ecc300ad29ae6a03d60a59db253ee50a255ca68540363ff00d08824ef4793f50a0da46b4eb5151eb1a9d806633e8699b89382537799d7ccc57fb473cb75c0a5a8aaee153fbc20fb9b2b69a5342cde1c1c6c9feec617a66cd79b052f34b4127db4915e44e07c2330a07b789a4767657cb7c6d2c9c788c0c126d1a110760a20d8d6629f7da607b6b15e09cd47fa4186fda09b0b795770427b09032094e000e1844dd829148756ed31436403c559fa085f755998ccd1352635bc238add8e41c801b26c64714bb1e403160ce6d328f75b278a95f28173568bcbcd541b9387eb1d572f1e2645c72a96c634c544d1281bd44e0042d8f490a33e6f2cd34c3eb1b1954a73af386c90d9d956ff0088a53eae04b6d8e54edab9d53ca0b89795a50cb324710a3ea544c6a0595b38c0d0c39ec64e25e61524e52f26f2d9f782aa5c47120f6870bdba08bbb3122f6090a617a14a8a935e29593e844275bf62ccc8b8951eede05b791954623f955c0fac1a6b22b7604939876cab414082124eb9149c8fca2df92b79b75b0b0a4d0e753a9c358595ae52d96baa981d54ca054389028720549f74922a83e0758003652d192268dfda1ad1c6bb4695d53de072c284718b5dab44aa9d31ea71cbd97a1fa40b799aef883216968b42d07729241f51582571e58fba65c57bc45d40e6a5d123ce20e2db2ea49216edca241ac0bb32c9ba8fb63fd914ab29399070eb08dc724efc4e4018667e45864f5b36b43cb1dd69352c835f6b22f1e0289df5851da5b6dc7d5551d72e3954fd321144a9508ddbb072595ccbc129cd4afe9033f200c37dd4b490da3009c39ef887d1fca76665f23f8684a5278aef13fda9f38d9e5e30b21a26cb7634bf1c54a8f018518969544b959a520e060720c7642a304b3b656d00eb774fecc41da563349a823107f791e3c2046c5be42c8e5067a4974a1943c9fc401fcc0e5e222d17712125521518b6661957f16f8f78d63bcc6d23cb1981c81f9c2c2ed0bc7f403e10dbb1d61a5e4aa666090c20d00c8baa1981eeefdf96f85a1ad1c6cad9f726aaeb8aead91de7158d78206a7d39e507e5152d2f84b3601d5d50bce2bc4f7470ca205b36d29c2123b284e0948c024701011d9da650b7e86abd8cee5a2a59ed12751523e158e5fe2231c0e1bc11e448a18525daaadfe51aa270b8a4a1352a510903792680799801d0f9b3ad99a748a94a1002958e39d00dc2b8e3c208ed3a1b9766a125779494dc512a041d28aae906367ec56e55171152a550ad449378814ae390c4d00803d21a0dd4aab8050fde315ebd63f6494bb4be848b5364d87eae4a10db9ab44f655cbf01f4e021516ca92a2871252b4e0411423f7be2c0b29cbea502929ba68927329d0d4620f031dedab151329ed765c03b2b03e3bc70815e86b22f47c4143bc554f0ba3eb09d6a3450e2907d9511e460fec6bab6261d967681440501a1a61549d41c3c8c6db6b6693ff5081c1c1b8e879417ab0477427931813182371083d1c4a0c647526320068b225e514b504a6953a9c80d49e006311ed39f4ff0dac1a49cf5715aa95f21a08316a27ecec2942979c370704e055e787918499977480d5013bc9d9c9b3be3989a3be21172352b8c60bcbda4a49ce1dac69a6a759530e806a2841f423c62b34bb04ac6b4d4cba970684546f1a883174c1256857da1b25c94995b249aa4d52ac8949c8e1c30f382363dbb3084ddeb542980d6bcc6ee30e7d2e59c95fd99f4fb4922bbc1a28422c9ca6391061bad0a9da1951b613694f69c501ccfc8c0cb476ad6e62a732e24ff0071312552b517522a461518951e1c2233fb0536e2af0425a49d5d586fd3157a40a0da1627ed12b24d4927326075d24d6b9c3c27a3b98a503b2e493f89741c6b72be918be8b6786285cbaf8071609fea401eb0c80ce9d1e76a5279a1de01b5f8517fedf581ae182db1f67cd59f3c9134c2db69f4964acd14d82a20a2aa4929c54909a13ed471da5b2ccbbca453b27141de9fa8ca1648307e010e2e91c492758c78e31e2130a39b25c222730e54562152245969aac88014386ca2286b05fa5067ac924b63bdd950e609bbe78f9469b332755003fe37c02e95768875edcbb67b9da57034a2073a54f888ac552252cc8ae2cd6661c79b976c55c7161091439934a9e031278031736d4389652dca35836ca4269bcd3127793af1ac06e8ba550a75f9d58fe037407de5e351c68923f3c46b6a70a94a51389249e71a6f14682cd90661f81afcc464c3f0d3d1d6c8fdad5f68984fdc24d129ff005540e35de8191de70d08844add21e52a56c17b3fb2535382fa00435fea2ea01fe419abe1c61becfe8d50d38db86616a5a1685e084a524a541591a9a61be1eed49d6d86efaf0030037ee00457b6e748e868e74dc902f28fc8451a8c71e49272967c0f8ece25bbca52854efc0721095b6f3c5e0d755550502a2906b76eaa84e1c6167ff75106a14d3841e0d9f4ac4db336aa49f5d1090d387006e0428f22303ca049b0c629132cd200153dea01810052e802b5ceba7eb075b48228731033ec8ea6aa42838354a800ae69235e623922d552ae1144dd27ac06a1596438d40ce346499a51669b51661212fb43ef9a3791ef0f6907828791a44396b5d2e20388c41145a0e7c411be0f19c4a8501843b5a5bab7d45b34bfdaa03813ed61cfe30da06cf67ec30bab92a6f0d5baf693cbe9005c4281ba5241dc4508f08c989a75b72f0aa4fe24fef28312bb4ca5801e690e8de40afce11a1d48102494718c8684da7294fe091c2f2beb190283d862da6400c314c8a97e7535a6e109732ac62c17d8fb44a94a71520df4f1a81780f21e715fce2286005111c5c70bd1ebd1ab718c6e98eecbbbe388304b676cb54ccc25a1827bce2b442077947c3d488146ba187a439bb967c805135084a8efa14803e301367a54cd8ec10108c5c7544d1b041a659ab3a275e4098f76f5f54fcd372f2e3bea4b4d03804a123bc772404951e00c182d34ca13292ffc16f356aeafda5ab89232d0000600451ba564e2af013b35d4340372a9ba0605d562e2f7e3ec8e020b49598a70d5449a664fca34b0240041717801be3b5adb54db154229d9199caa454d3798cbdc82de6a2166ecd48c283e7131b6528ce915e236f8a6b82944eb403e7052c3db16564256485a8e6aa53801a086524238b1d302284020e87585edacb050eb642fba310b18968efe29dffb20ea1c8968a11438830d562274cf9f6ddb0de973f789ece8b4e285723a1e0718148543e6dada13365ccd1b2172cee21a705e4838d424e635c32c32c603a768acc7855d90baad7ab70a47fda53f088b89d0a42e95c346cad8cb51c124a8fa0e3ba244a5a564a3b49945957bcb5280f35fca39dafd238424a184a5b1a250013e980f18092336c67b6eda6acd9756214fa8500075d00e1c62907e656e2d4eacd54b2544efac7b68da0e3eb2b75553bab5a79c47498a085c7d1aa2ed9132afc4f91e48680f5f8c2d5aae630c5d1676ecb9b6f3297af538169b3ff89f2856b6f05424f6878699a58165aa7269b9749202c92a50f6103151e74c071223e879294434da5b6d212842425291a01808a87a136819a9859cd2c8038052ea7fb045c822dc4b164795dba2a6e95adc29594d7b2d801237ad5a9f4f0114cbaf1512a51a926a4ef87de979a5a1f55ef69d52b98a1a7cfca2ba89c55db292c2491dc18dd31192624a2198a8b77a2fb594fa4b6b355b74c7520e47d29e11d7a4bb3cb175f4617f057314a7c479401e85524ceb834ea493e0b4d3e261d7a657929934a4e65551f0f9c2b8fe3614ff002a2b9b2ed7709f4831372fd614ac8c42481c8915f842c6ceafef2872261cf681d0d21a5034a903d147e50a98f40a98b3af26951e50b569495c2690cffe209501a6ff00d2204e24286597ac358b429952b79f38c830e59743da38ebc23d8061df64adfa2ae2ab54e038883b6aecfb5342f366e3871a1dff00381a9d9065442e52690b2324ac509f11f4828d36f21375c17559508a83e3a8101602dde844b5767e61827ac6954fc401527cc65e30154aa45b6f3b38da6ac3b7f0ee38914f057d601cf6d7cf378943493876929428e3c6bc20e0d6c5cb2366a69fed06cb4d0ef3cef61b48de2b8abc079416b46d06255954bca92527179e3829e232007b2d8d07ec80b636b5e77175c5ace80e4390ca16272796e9c701bbeb03f46fd8f1b107b1373da8a4b33c2f00b74f9756391304ec596bcb1112c0452c7629edbef13cc1bbf04260fecbb78d77469664906388b675dafb5c32d7509dc0abe422b6999952cd547f482bb573456f2abbc9f5a0f87ac0331b6ec154a8f42a3aa1511ef46e85ef826459bd1d6d115112ae9a9a7dd28e7862507c311c88dd161b498f9f64e614dad2e24e295050e60d47c23e866cd6846a01f3c629c6ec9722a113a67b283b23d65316d55af0cfe5eb14006c8c94447d3bd22201b3df07727fb847cd0da0d234b0cd1d11d61591513e31a5d1482089652b00924f01076cfd839c771b81093aacd3c80c600c2946d0df37b20d3068ebe14ad4244433654b5700b3e30ae4865161be872db4b338a6167b132908e1d626a51e614b4f32989db7366969c50a6470e5a42a9b24248532a2952482939d0835041d28445ab69205a32487d29a3a9147119d140768711a8e0603ca0afc58b1d0ecf86ed05364d03ad29238a9242c0fe90b8bbef47cc2a71d967d0eb782db5852798391e0723c0c7d09615b6dcd4ba1f6f250c46a950ef24f10708a41e289f2473607e92765933cc109a07522a83c468787d63e7199614dad485a4a56924281cc111f58bae6115b7497b1c9991f686681c028adca1ef5376f8cda59347382930225363083d25b113ce2a8967f315a0279f7abe91696c2f45edb052f4d94bae8a14a07f09b3bf1efab89c386b192b3375b3de88f67152ac2e69f1714e8140ac0a1b1522bb8a89ad3704eb0a9d295b7f6858a7742a891c00249f3a438edbdbf7cf52d2bb03bc47b5cb8454368ccf5af61dd4e038ef3e3f21129cedf55a45610a5d9ed93ac5672312f6b6d723ab40c7024fc07ce3d91a25378e000f28599a754fb854072e034855b19e8ec8b5d5ad6374dbae0381a478c58f5ef28f87eb0525f6502c60a5f3c08f8435a17ab23a76955aa1b27794e7eb1ec6cbd8998ae05247e61f231e46c1b25bb696ccca2aab6d0185d2f07183d591866401757f981ca38d973ae57ecd3652baff09e48a0730ad143d8729c483a6a049dab77a8594deba160a9272ba452f11c31069ce152d19d0b1bab9d0e2142988dd450a8f0dd1494927927185ac0dd8a4ddcf1af314c0fef7442b664d2b41ecd7018023588f2968198612b51a38da8a5ca602f0a0269b88536e534bf4820dbc29409cc817aa33a69530ad232b2a4b6a54b6a29b94e2602a9145459d6fd9a1da9a5463a62690893d66a926847d69a7285a1d31c7650dfb2d48d58995793894281e18dff002862d9ec0d37c27f474e843ee32b23ab99404127001d4e2dfc569fce21d6525d4daa87306860f94cd786845dab972898503ae30117168ed5ecf7da517dbfe2272f7b818ac6699521452b494a86041c088d5464ece20475488d10633ae02a60049920d29643691552941291bca8d00f331f46b2dd0246e00790a456dd186c8ad244dcc24a75690703523bea1a0a640f3d056ce488b71469590e595ba424f4bd69a59b3d409c56a03cb1f8ddf38a2133208144d49f4fac3af4c76d89a994b08356d9ce99295af857fb4428cbb4940bcbc00f33c06f3139cf382bc70c642fb3cd8412ebbdd40ae3e7126636a66a6561a97bc2f1a2529ef2f3d7d914f203130b0eceb8ef6060927040d79ef8b0761764faba4c3c7ef2a2e006977035fcc461c0561127e466d78171db126c02b530ed353749d2b5e3ce07838c5b16f598d21bbd91a623320fb38e15275148aa9da02aa6a4e1e3ac06a98c9dab370fd30867d8eb5dd65e170550aa05a4ea386e50d3c77c2ab48268043decbd9c103ad5e094a4a89390031831d825a266d16ccb33692fca90ac48501a281a2853420e62016cd3b3120e10012da8f6dbdfb949e3f184bb236ba625a69c7d85552e38a52db3dc70151388d1401c14311c46116b58db59213e12094b4f1cdb7303f9558257bf0c778115aa257e06193b65b74764e3aa4e0a1cc4617e95dc731032d0d9843830529b50eead268472a185c9cb32da66bd53c1e4e9790951f92bd4c2b4cca866b3c06967f056a3870312369b6b1b69a294ac201c0ad587309ae662b49d72db5e042d1ffd6cd3d482440773666694abef05956f59a9f53585b695594a4dd9e5b96f97894320841cd4702ae5b87ef088b66491511bb530491632114eb14070ad09f998136fdb2a47dcb402134c543bc6ba701eb0a95e10ef19675b5e77ac589768f641ed9df4d390f8f2897272a122832809b34df795e1e58fce1aa5930d2558153bc9b3684a525c5e43d620236e129550114e47e34821b5d244c8a8a34ba4f206a62ac10dc5c6a4ad89cbc8e2e917849ed4b4a42555188e11914a051de6321fe1fb17e43e86e991d00b0077aaa3e1827e66119870dd4e38fefe91376e2d7fb5cc958ee0eca790ad3c49a9e54882d8a01c07ac426ee4d96e3551482db2d3ff007934d9c8756a03894380ff00623ca1824e73ad68ba94a928ad124ee001af135af9420d82fd1d985e86881f9527fdd10a4f690b4a2935290a34ed1c3134c21d092459eca49eca4549c8f2a9afccc41b42cc41af8d491bc54934c4d62358d6db6fa8250146a31aa88a57f7e90d6d2e55b48eb1579581a26bbb524e30685b102d1b302520a2bb868798dd486fd95b60cda6e3a08986c005652425e1a1072be351e235a4c76de9747758461a938fa0882e6dab15a29a4782ca488d697933b7e0689745239da5b3f2f323ef9a0a3a2b14a872526869c206486d64ba8017940fbf43ff00727e620bb36e33a9a78545378a43a6988d3002fa2f9327f88fa46e0a41f8a0c1cb1361e465ca54866f2d34a2dc256411a807b20f1004494ed249815330d8f18116af49b66b15fbebe47b2818fad2197515f663a81085d21edca18429861414ea810483dcd0d08d78e9cf2aff006a3a627e62ad4a23ab4ab0bded1f9fc3c616e4db52d445eaae95bcac6a7f7a4272cda43f171a6ed9a294904a9c389c4ef3e103a71f2e2b86491bbf5313deb1dccf03c718976558a6f0aebe4239d4a2b274b8c9e02bb0f61f6bac58a9f411694b5280402b224c2129c40199de77786112672d0ba3019fee83cf5a56193acb124af08e3b4d377ea90771cf4030f3a8a421db328900106aa2788a8e20fc78c11b5f681a41201bebd40cabef1d31c77c2f8794b55f59cf21a01b870856db763a492a0b58b2054a181871da87932f66bc755a0a13e231f4856b0ad62da826edf24809033aee81fd295b856b44b8554273a655ae5c71f845604a7b10db5448ae10cb60ec1cdbe90eac265dafc6f12827f9514a9f1a7386397d8bb35ba758fbefab508096d15e1515f5877f622fa156cada69c6451a7d600c9268a4f92ab4f08329e926d00310c9a6a50a07d1707dab2acc02899557353ae13fdd1c672c09372b750a4577289f8984ec87eac5d99e9367ce41a1f915f35403b476c279e0429f206e484a7d40afac1d9fd9046250a50f23e9842d4fd82eb7a5e1bd3f4864d01a68e36239f7d526a48cce27c6b1b6d2a3ef6bbd23e2621caa8a163ca0bdb8ddf692e0d33e47f5a466ea499965323ecebb8293ad6bfbf2869b39ca8108724ff56bae90dd20fe351ff30bc8b36341e078b396929baaa107fe2166d5e8cd0b51532ef560e374a6f01ca845044e9498ae513cce2c0c09858c9c7419454b60367a33602405cc2cab5ba001e00d7e319051534bfc46320fcb207c5107197a6274f5e2622cebb75380a938246a49ca095a730868556712704e6547700338812ec289eb5c1434eca7f00e3ef42d0d644728c334ae34353bd47127ceb022cb90eb1454aee830427db2e2d29071270e19e3e40c479f9b03eed182538738642b0a3569219146c63aaa0fd8364cf4d80b400db47fcc72a01fe400557e18718e1d1e6cda1d525f7d37856adb67baaa7b4bae691a0e5c22e7976c24554786ea6e03772868c6c9ca5427cbec0374fbe7dd59d6edd6d3c702147d638cd7479287baebc0efbe83f144394d5a0da74af3fa670167768903b2a2915e343e8aa8876a2844e4c4affd02a69c0a0f296d8cd20042fccd4119d723ba20bd6921b9a32c6fa754dfc08dd9655cc78561f9d9d4ac5461ca15ade926dca28a405a4de0a18104711fb3e50ae8a2b005b96375a72485d090698383c3250115dda12bd5a8a142846629e54e117c4aca36fb7ee9a50d714abe548af3a46b2a89bf4ed367b437a4feb43e261e223c8a5624a0bab77f0d129fe622a4f80a79c325992976ee189cceb8c0ab159a4bd4fb4a2af0c13ff8c1e92b5d282145bbc7c86ec221caed97e25486016394b4971c3dead13ca95f88f38eb212e9046872a7a8fdf180f6a6d7ad602528029bfb5cc614ce9101eda8992080528a9ef01881b85491e34ac47aab2dd9d64b054e8091813e14fd613f6be79db8435863da24e34f748ca048da49cbb77acaf1294d7c308885f5a937564f3ad6bf48610892ccd3123ca2705031a36c9242535249a0005493c290f163d85f630879e485cca880cb181ba4e4a57119ee189e45640dd1e6cfd8af3605d40334e24dc0ac04ba0e056bdc4e833a69531da5ecd9491356c0989bf69f58a841dcda724f863bc98eab9b5b21c405de71c512f3835563d949d1232f3816a30fda9604eb6ed9de72716eaaf38a2a3c721c8691194a8d14a8e6a542143a1723c0f988ca7234ebc082919b0a4a30ebeab8ca4a954a9c40006f24e0205cc4acca6f15b2b094f79574948a9a0ed0c3d62cdd80b33aa67ac50c5c01477d0f707954fe6885b696c25a6949c295175386833239c55c128db22a6dca91554dd9a9771c95a18f2cf92a2fa87452f8374e8a3a81c627483c83ac1d665d2e0baaa1ddbc1d08e30a90cd9575b5652d870a1638a4fe21bc46b213ea6f0388f845a56bd9edbe90c4c7657fe5b980a9a69a5ede35f857b6d6cebd2c4f589ece8e0c527fda781f58a5daa626b44f93b6107daa1e381829fe3091895d3c44250663a219108e286526352ade6ab993e7190b7763207441eec7e6e45866aaa296bdf89279a958c43999ebc32291b8686bafc21aad69048d0e7bf21be172725d209bc08ad0614a13a185082149b8db8e6a7b09dfbd47ca9e660558f25d7be94699ab90fae03c60e6d3b7718653bc151e6ac6247467277d6f2a9880800eeadf27e09f282b5606599b2b26134a0a643c06efdeb13b6bb69112aca964d00c06a4a8f7401a93c70001278c9b3980947801f0fac52fd2c5aa5d9b0d03d96d20f352c0513e09b89f08ac70893cb03db7b613730482ea908fc29247f5118a8f1800ac7138fac7b1ec13584ec6b79f97502dacd3541a941e634e6318b25b9e4ce4b1799eca860a49c4a54331c6a31075f0222a2871e8d670a66baa27b2f214923de424b893cc04a87e730ad0d1617b3368552e147341352371caa39e1e51376f2652e32d4c360292e24a5437d6b878149f3801b492e125e48fc2af034afc623494e5eb2149d50f61e2507e66160f034d7e4436451a4819048f0e0639a5263644db6840bcaa54d28013e713a5640bc9bed76927511369bc944d2c108611ed2081b0dffc113e4b64a6578dca019a89ba91cc981d187b20110226d9b66baf2825b4135d69973830dd9326d8bd31317a9ec340e27f9d585223dadb748427aa936c369cbb399fe659c4c15015cc2d684f336535751453e476dcf6ab9dd46e48fdf0996521c665d332f9266a65354d7fc96c8a802b9288a1273a9a7b315e6cbc83968cfb48749526f5e73706d3da50e4704fe611635b93bd6bca57b23b29fe51f5353146baa269db0728c72518d96a8d108529412904a890001992700044ca1eb0c29c5042012a3901fbc07186097b3a5d83f7d475cfc39a13e1af8fa651cdc29944a92955e75428a50c934392778aebad01d04234f5a4f3ebead8344d6857bcd71a6fe70746d9652769d08c121081bb014f2a4496ed69798ecba869c074eca8fac04d9ed8594090a7d25e5eb7c923c01348ef3bd1fc9d14a67ac6579a4a16aec9cc7649229e5e11449fb24fafa1d4cd9ea55d55da818570039d38453d3720f4f4eaa592aa5dedbce106894ee00ef390fa18e2ced64e4bbc65df5254a49a5e23150d0d4675e3161cb2fed090f34a295903b49d69a2c644679ef812b9062ba959db5b32a9751bab514e8695aeec0651d2c5b4169375c04535d3ce1db68654a91f789a11a8add34e1a7107d6136496b4a80ae3bb43964223ddc5e4b28a921b1d9544d345b731a8ec9d41cc63ce90989b6e665565977ef00caf624a79f8531ae50cea9e4b5451a01ae8071e02206dc59e97590fa734e386350695f0ad0d79c53b765689d53a606726241dc572e1077a094ff6903d23432f670c68be57cfd217caa823b205454c277653a20d07643fd0278d57fee8c80a94e11e46b903ac4b8a5d8ab62fd0ab235c7f78c09b5acf049a6187cf5df1919045016dec95d65857b891e40448e871578cd37c1a50e7f780fc04646452284916ca4760d381f97ca3e7ae9118bb3eefbc1b579b691f28c8c8a1342e08f446464609861a3a3e952b9d411936879c57f2a595834e3550f38c8c80626edbcc0bf30a191bd4f1c07c6035920894bba2975f223fdb191913ff003fd2dfebf80a98455c57034f2825635a6ecb925a70a6b98cd279a48a578c64643131891b6f380601926b99463fdd4f4887696d14d3b54ade514e653901bb0ca32323045e98709389275c49311149dd1ec64140658dd124a756c4ecd1ef2521a470245f578125bfe9892a8c8c85e4d878fc9c5460decdb61087a68e6d8b88fe650c4f020507e63ba3c8c8543b12f6aed25001093db70d2bb86be91e58ed041401a52919190af487f2cb1ec59aa9153941a9c77eed5438e91ec6455688cb657db6fb388ab6faf12de2e50917907134a6ecfcf7c3059f3ac4bb92e966f756ff006456a68aa54678eff48c8c809f83356ac729b924bad90466229a9e496a614d1a552aa13beb88396e358c8c85e74aac3c0f26a2515315d01a8cc529965be3b6c4ba5c977a5dcc6ed40f514f8c64644f87c95e51554920dc3a1292791892815c348c8c8518ea8974d32f58c8c8c8263fffd9, 3);

-- --------------------------------------------------------

--
-- Table structure for table `rol`
--

CREATE TABLE `rol` (
  `IdRol` int(10) NOT NULL,
  `NombreRol` varchar(20) NOT NULL
) ENGINE=InnoDB DEFAULT CHARSET=utf8mb4 COLLATE=utf8mb4_general_ci;

--
-- Dumping data for table `rol`
--

INSERT INTO `rol` (`IdRol`, `NombreRol`) VALUES
(1, 'Cliente'),
(2, 'Admnistrador');

-- --------------------------------------------------------

--
-- Table structure for table `usuario`
--

CREATE TABLE `usuario` (
  `IdUsuario` int(10) NOT NULL,
  `NombreUsuario` varchar(50) NOT NULL,
  `CorreoUsuario` varchar(50) NOT NULL,
  `CelularUsuario` varchar(15) NOT NULL,
  `ContrasenaUsuario` varchar(64) NOT NULL,
  `IdRol` int(10) NOT NULL
) ENGINE=InnoDB DEFAULT CHARSET=utf8mb4 COLLATE=utf8mb4_general_ci;

--
-- Dumping data for table `usuario`
--

INSERT INTO `usuario` (`IdUsuario`, `NombreUsuario`, `CorreoUsuario`, `CelularUsuario`, `ContrasenaUsuario`, `IdRol`) VALUES
(1, 'Tristan', 'tristan.amadorhnj@uanl.edu.mx', '8181192902', '4813494d137e1631bba301d5acab6e7bb7aa74ce1185d456565ef51d737677b2', 2),
(2, 'KR', 'anuel@trap.com', '8181192902', 'a665a45920422f9d417e4867efdc4fb8a04a1f3fff1fa07e998e86f7f7a27ae3', 1),
(3, 'Darian', 'admin@miau.com', '8181192902', '4813494d137e1631bba301d5acab6e7bb7aa74ce1185d456565ef51d737677b2', 1),
(4, 'Samantha', 'sam@gmail.com', '8181192902', '4813494d137e1631bba301d5acab6e7bb7aa74ce1185d456565ef51d737677b2', 2),
(5, 'Cliente', 'cliente@cliente.com', '8181192902', '4813494d137e1631bba301d5acab6e7bb7aa74ce1185d456565ef51d737677b2', 1),
(6, 'BadBunny', 'bb@gmail.com', '8181192902', '4813494d137e1631bba301d5acab6e7bb7aa74ce1185d456565ef51d737677b2', 1),
(7, 'BadBunny', 'bb@gmail.com', '8181192902', '4813494d137e1631bba301d5acab6e7bb7aa74ce1185d456565ef51d737677b2', 1),
(8, 'AA', 'AA@GMAIL.COM', '8181192902', '4813494d137e1631bba301d5acab6e7bb7aa74ce1185d456565ef51d737677b2', 1),
(9, 'aaaaa', 'aaaa@gmail.com', '8181192902', '4813494d137e1631bba301d5acab6e7bb7aa74ce1185d456565ef51d737677b2', 1),
(10, 'ZZZ', 'zzz@gmail.com', '8181192902', '4813494d137e1631bba301d5acab6e7bb7aa74ce1185d456565ef51d737677b2', 1);

-- --------------------------------------------------------

--
-- Table structure for table `usuariometodopago`
--

CREATE TABLE `usuariometodopago` (
  `IdUsuarioMetodoPago` int(10) NOT NULL,
  `IdUsuario` int(10) NOT NULL,
  `IdMetodoPago` int(10) NOT NULL,
  `Proveedor` varchar(30) NOT NULL,
  `NumeroCuenta` char(16) NOT NULL,
  `FechaExpiracion` char(5) NOT NULL,
  `EsPredeterminada` bit(1) NOT NULL
) ENGINE=InnoDB DEFAULT CHARSET=utf8mb4 COLLATE=utf8mb4_general_ci;

-- --------------------------------------------------------

--
-- Table structure for table `venta`
--

CREATE TABLE `venta` (
  `IdVenta` int(10) NOT NULL,
  `FechaVenta` date NOT NULL,
  `VentaTotal` decimal(10,3) NOT NULL,
  `IdEstadoVenta` int(10) NOT NULL,
  `IdUsuario` int(10) NOT NULL,
  `IdMetodoPago` int(10) NOT NULL,
  `IdDireccion` int(10) NOT NULL,
  `IdMetodoEnvio` int(10) NOT NULL,
  `IVA` decimal(10,3) NOT NULL DEFAULT 0.000
) ENGINE=InnoDB DEFAULT CHARSET=utf8mb4 COLLATE=utf8mb4_general_ci;

-- --------------------------------------------------------

--
-- Table structure for table `ventadetalle`
--

CREATE TABLE `ventadetalle` (
  `IdVenta` int(10) NOT NULL,
  `IdProducto` int(10) NOT NULL,
  `CantidadVentaDetalle` int(10) NOT NULL,
  `PrecioProducto` decimal(10,3) NOT NULL
) ENGINE=InnoDB DEFAULT CHARSET=utf8mb4 COLLATE=utf8mb4_general_ci;

--
-- Indexes for dumped tables
--

--
-- Indexes for table `carrito`
--
ALTER TABLE `carrito`
  ADD PRIMARY KEY (`IdUsuario`,`IdProducto`),
  ADD KEY `IdProducto` (`IdProducto`);

--
-- Indexes for table `categoria`
--
ALTER TABLE `categoria`
  ADD PRIMARY KEY (`IdCategoria`);

--
-- Indexes for table `ciudad`
--
ALTER TABLE `ciudad`
  ADD PRIMARY KEY (`IdCiudad`);

--
-- Indexes for table `direccion`
--
ALTER TABLE `direccion`
  ADD PRIMARY KEY (`IdDireccion`),
  ADD KEY `IdCiudad` (`IdCiudad`),
  ADD KEY `FK_Direccion_Usuario` (`IdUsuario`);

--
-- Indexes for table `estadoventa`
--
ALTER TABLE `estadoventa`
  ADD PRIMARY KEY (`IdEstadoVenta`);

--
-- Indexes for table `metodoenvio`
--
ALTER TABLE `metodoenvio`
  ADD PRIMARY KEY (`IdMetodoEnvio`);

--
-- Indexes for table `metodopago`
--
ALTER TABLE `metodopago`
  ADD PRIMARY KEY (`IdMetodoPago`);

--
-- Indexes for table `producto`
--
ALTER TABLE `producto`
  ADD PRIMARY KEY (`IdProducto`),
  ADD KEY `fk_categoria` (`IdCategoria`);

--
-- Indexes for table `rol`
--
ALTER TABLE `rol`
  ADD PRIMARY KEY (`IdRol`);

--
-- Indexes for table `usuario`
--
ALTER TABLE `usuario`
  ADD PRIMARY KEY (`IdUsuario`),
  ADD KEY `FK_Usuario_Rol` (`IdRol`);

--
-- Indexes for table `usuariometodopago`
--
ALTER TABLE `usuariometodopago`
  ADD PRIMARY KEY (`IdUsuarioMetodoPago`),
  ADD KEY `IdUsuario` (`IdUsuario`),
  ADD KEY `IdMetodoPago` (`IdMetodoPago`);

--
-- Indexes for table `venta`
--
ALTER TABLE `venta`
  ADD PRIMARY KEY (`IdVenta`),
  ADD KEY `IdEstadoVenta` (`IdEstadoVenta`),
  ADD KEY `IdUsuario` (`IdUsuario`),
  ADD KEY `IdMetodoPago` (`IdMetodoPago`),
  ADD KEY `IdDireccion` (`IdDireccion`),
  ADD KEY `IdMetodoEnvio` (`IdMetodoEnvio`);

--
-- Indexes for table `ventadetalle`
--
ALTER TABLE `ventadetalle`
  ADD PRIMARY KEY (`IdVenta`,`IdProducto`),
  ADD KEY `IdProducto` (`IdProducto`);

--
-- AUTO_INCREMENT for dumped tables
--

--
-- AUTO_INCREMENT for table `usuario`
--
ALTER TABLE `usuario`
  MODIFY `IdUsuario` int(10) NOT NULL AUTO_INCREMENT, AUTO_INCREMENT=11;

--
-- AUTO_INCREMENT for table `usuariometodopago`
--
ALTER TABLE `usuariometodopago`
  MODIFY `IdUsuarioMetodoPago` int(10) NOT NULL AUTO_INCREMENT;

--
-- Constraints for dumped tables
--

--
-- Constraints for table `carrito`
--
ALTER TABLE `carrito`
  ADD CONSTRAINT `carrito_ibfk_1` FOREIGN KEY (`IdUsuario`) REFERENCES `usuario` (`IdUsuario`),
  ADD CONSTRAINT `carrito_ibfk_2` FOREIGN KEY (`IdProducto`) REFERENCES `producto` (`IdProducto`);

--
-- Constraints for table `direccion`
--
ALTER TABLE `direccion`
  ADD CONSTRAINT `FK_Direccion_Usuario` FOREIGN KEY (`IdUsuario`) REFERENCES `usuario` (`IdUsuario`),
  ADD CONSTRAINT `direccion_ibfk_1` FOREIGN KEY (`IdCiudad`) REFERENCES `ciudad` (`IdCiudad`);

--
-- Constraints for table `producto`
--
ALTER TABLE `producto`
  ADD CONSTRAINT `fk_categoria` FOREIGN KEY (`IdCategoria`) REFERENCES `categoria` (`IdCategoria`),
  ADD CONSTRAINT `producto_ibfk_1` FOREIGN KEY (`IdCategoria`) REFERENCES `categoria` (`IdCategoria`);

--
-- Constraints for table `usuario`
--
ALTER TABLE `usuario`
  ADD CONSTRAINT `FK_Usuario_Rol` FOREIGN KEY (`IdRol`) REFERENCES `rol` (`IdRol`);

--
-- Constraints for table `usuariometodopago`
--
ALTER TABLE `usuariometodopago`
  ADD CONSTRAINT `usuariometodopago_ibfk_1` FOREIGN KEY (`IdUsuario`) REFERENCES `usuario` (`IdUsuario`),
  ADD CONSTRAINT `usuariometodopago_ibfk_2` FOREIGN KEY (`IdMetodoPago`) REFERENCES `metodopago` (`IdMetodoPago`);

--
-- Constraints for table `venta`
--
ALTER TABLE `venta`
  ADD CONSTRAINT `venta_ibfk_1` FOREIGN KEY (`IdEstadoVenta`) REFERENCES `estadoventa` (`IdEstadoVenta`),
  ADD CONSTRAINT `venta_ibfk_2` FOREIGN KEY (`IdUsuario`) REFERENCES `usuario` (`IdUsuario`),
  ADD CONSTRAINT `venta_ibfk_3` FOREIGN KEY (`IdMetodoPago`) REFERENCES `metodopago` (`IdMetodoPago`),
  ADD CONSTRAINT `venta_ibfk_4` FOREIGN KEY (`IdDireccion`) REFERENCES `direccion` (`IdDireccion`),
  ADD CONSTRAINT `venta_ibfk_5` FOREIGN KEY (`IdMetodoEnvio`) REFERENCES `metodoenvio` (`IdMetodoEnvio`);

--
-- Constraints for table `ventadetalle`
--
ALTER TABLE `ventadetalle`
  ADD CONSTRAINT `ventadetalle_ibfk_1` FOREIGN KEY (`IdVenta`) REFERENCES `venta` (`IdVenta`),
  ADD CONSTRAINT `ventadetalle_ibfk_2` FOREIGN KEY (`IdProducto`) REFERENCES `producto` (`IdProducto`);
COMMIT;

/*!40101 SET CHARACTER_SET_CLIENT=@OLD_CHARACTER_SET_CLIENT */;
/*!40101 SET CHARACTER_SET_RESULTS=@OLD_CHARACTER_SET_RESULTS */;
/*!40101 SET COLLATION_CONNECTION=@OLD_COLLATION_CONNECTION */;
